drug_id	prot_id	Label
47	373	0
55	21	0
59	12	0
42	354	0
25	188	1
17	185	0
67	81	0
32	38	0
12	255	0
18	199	0
13	270	0
47	281	0
55	241	0
19	376	0
57	127	0
61	297	0
0	271	0
59	338	0
12	218	0
21	362	0
30	191	0
24	209	0
43	227	0
36	126	0
15	159	0
23	351	0
58	274	0
54	206	0
14	119	0
23	191	0
5	172	0
58	157	0
32	257	0
52	219	0
22	274	0
56	172	0
52	245	0
28	110	0
52	199	0
53	271	0
31	319	1
59	46	0
35	172	0
3	266	0
25	306	0
6	10	0
21	349	0
52	53	0
50	185	0
57	139	0
22	183	0
58	219	0
9	332	0
0	348	0
66	373	0
0	178	0
64	64	0
31	159	0
53	126	0
21	132	0
17	264	0
39	377	0
10	91	0
54	183	0
5	18	0
44	40	0
31	133	0
61	131	0
10	64	0
15	43	0
64	258	0
51	242	0
33	194	0
49	372	0
38	129	0
13	314	0
57	358	0
63	333	0
57	346	0
56	56	0
7	98	0
20	326	0
51	365	0
60	210	0
0	221	0
62	373	0
38	224	0
51	171	0
1	186	0
13	363	0
49	182	0
10	127	0
4	116	0
46	20	0
2	199	0
58	104	0
9	374	0
57	206	0
36	291	0
35	281	0
66	357	0
0	315	0
5	376	0
55	299	0
27	306	0
43	377	0
8	354	0
46	292	0
49	218	0
43	169	0
8	38	0
45	232	0
62	152	0
64	241	0
14	140	0
21	73	0
36	299	0
21	133	0
3	281	0
47	121	0
48	263	0
67	223	0
62	231	0
30	97	0
30	166	0
0	274	0
25	184	0
0	325	0
58	44	0
21	109	0
65	49	0
24	36	0
64	206	0
17	99	0
49	376	0
40	50	0
65	174	0
18	351	0
3	75	0
57	376	0
19	87	0
65	226	0
35	348	0
22	293	1
22	126	1
17	339	0
56	247	0
36	89	0
28	373	0
55	219	0
64	245	0
1	363	0
0	11	0
19	301	0
20	342	1
67	373	0
44	373	0
6	61	0
3	88	0
19	326	0
60	92	0
51	265	0
49	175	0
61	257	0
53	24	0
25	361	0
65	198	0
49	274	0
3	267	0
31	262	0
67	245	0
10	163	0
29	253	0
33	376	0
67	91	0
61	67	0
58	281	0
60	246	0
44	279	0
51	38	0
15	219	0
42	276	1
15	267	0
12	179	0
53	372	0
18	30	0
31	72	0
61	274	0
3	281	0
0	352	0
21	18	1
10	87	0
58	323	0
13	373	0
12	195	0
47	329	0
13	237	0
29	132	0
61	376	0
2	124	0
28	27	0
67	142	0
18	298	0
22	125	0
8	251	0
61	57	0
33	373	0
1	373	0
1	38	0
41	247	0
25	209	0
38	103	0
41	291	0
12	287	0
25	153	0
36	55	0
36	71	0
16	102	0
8	327	0
62	43	1
46	343	0
30	344	0
29	346	0
56	255	0
7	19	0
59	286	0
31	58	0
57	176	0
48	119	0
7	248	0
10	366	0
25	224	0
41	57	0
41	230	0
0	115	0
27	376	0
36	200	0
12	52	0
21	71	0
8	376	0
18	350	0
7	62	0
58	373	1
14	237	0
13	331	0
45	376	0
13	40	0
57	373	0
38	251	0
48	174	0
18	19	0
21	202	0
24	190	0
30	38	1
65	335	0
11	32	0
0	337	0
66	135	0
1	18	0
22	214	0
44	211	0
27	334	0
41	358	0
47	100	0
61	270	0
16	35	0
57	244	0
33	167	0
66	364	0
62	314	0
3	373	0
18	250	0
18	12	0
29	285	0
30	280	0
33	0	0
3	362	0
22	261	0
33	178	0
8	249	0
2	48	0
5	198	0
50	173	0
6	172	0
57	173	0
64	352	0
0	24	0
67	57	0
8	88	0
39	254	0
34	161	0
25	281	0
47	243	0
56	159	0
47	138	0
61	26	0
64	286	0
48	115	0
47	154	0
9	241	0
61	150	0
33	85	0
51	373	0
15	144	0
57	231	0
16	296	0
10	109	0
67	8	0
20	19	0
45	288	0
47	377	0
26	24	0
41	319	0
5	281	0
37	95	0
7	43	0
34	373	0
67	350	0
38	288	0
9	273	0
63	311	0
48	120	0
30	129	0
59	141	0
17	274	0
64	71	0
63	248	0
13	332	0
43	230	0
1	376	0
25	76	0
46	373	0
48	121	0
43	237	0
56	11	0
0	45	0
24	351	0
4	274	0
48	70	0
30	61	0
13	330	0
60	125	0
15	270	0
54	366	0
3	312	0
56	105	0
36	343	0
41	181	0
19	274	1
13	107	0
58	131	1
27	186	0
34	266	0
64	199	0
30	50	0
20	298	0
22	243	1
45	104	0
64	232	0
22	227	0
6	373	0
31	211	0
31	182	0
46	91	0
65	184	0
11	310	0
17	267	0
66	224	0
49	9	0
40	346	0
36	56	0
67	274	0
58	127	0
31	155	0
29	317	0
49	356	0
67	72	0
9	118	0
44	272	0
30	261	0
7	373	1
31	188	0
16	152	0
60	297	0
28	259	0
33	102	0
54	114	0
67	251	0
8	73	0
50	323	0
1	241	0
61	342	0
63	265	0
26	235	0
56	134	0
64	123	0
52	287	0
34	251	0
24	37	0
3	292	0
30	241	1
37	376	0
7	153	0
38	183	0
64	260	0
64	241	0
60	194	0
36	107	0
20	23	0
3	342	0
20	274	1
0	99	0
27	157	0
14	336	0
46	56	0
32	118	0
19	234	0
3	149	0
50	50	0
25	373	1
67	92	0
4	4	0
58	77	0
12	35	0
23	360	0
8	373	0
3	102	0
57	324	0
11	122	0
46	243	0
52	71	0
15	377	0
64	14	0
32	133	0
53	376	0
40	183	0
36	332	0
37	50	0
21	102	0
51	106	0
35	373	0
67	376	0
59	236	0
63	17	0
35	141	0
36	241	0
9	256	0
43	219	0
13	318	0
61	40	0
33	257	0
58	337	0
11	234	0
28	106	0
56	123	0
7	367	0
11	69	0
38	340	0
38	360	0
0	291	0
59	270	0
33	140	0
29	99	0
21	266	1
49	245	0
38	212	0
66	61	0
24	123	0
10	185	0
63	181	0
14	29	0
39	277	0
40	338	0
56	28	0
3	228	0
61	360	0
62	164	0
22	38	1
56	27	0
12	373	0
5	258	0
8	255	0
58	329	0
9	176	0
8	108	0
54	302	0
27	98	0
11	116	0
12	139	0
8	124	0
3	44	0
59	57	0
35	62	0
61	141	0
10	8	0
11	85	0
47	291	0
31	32	0
20	13	0
11	196	0
51	35	0
51	111	0
52	155	0
42	170	1
47	184	0
25	156	0
45	209	0
15	326	0
23	44	0
43	373	0
17	305	0
37	143	0
40	355	0
3	64	0
40	52	0
20	329	0
53	15	0
8	219	0
65	5	0
15	192	0
36	337	0
61	359	0
40	266	0
42	355	0
61	299	0
64	118	0
26	38	0
42	227	0
8	71	0
28	9	0
28	94	0
44	120	0
43	294	0
58	221	0
47	40	0
2	119	0
31	301	0
67	266	0
9	329	0
44	286	0
63	252	0
5	241	0
40	63	0
18	275	0
59	195	0
57	288	0
2	241	0
11	22	0
21	4	0
62	63	0
35	342	0
42	247	1
23	240	0
24	133	0
52	242	0
45	12	0
8	0	0
63	18	0
64	321	0
54	22	0
47	376	0
5	123	0
29	323	0
46	347	0
25	21	0
34	362	0
48	219	0
51	216	0
1	218	0
64	344	0
11	373	0
67	11	0
20	156	0
45	25	1
16	376	0
46	299	0
5	69	0
39	376	0
49	225	0
52	69	0
25	268	0
34	286	0
65	154	0
17	200	1
30	165	0
32	274	1
51	376	0
45	262	0
3	83	0
37	171	0
62	200	1
19	356	0
12	377	0
3	240	0
61	352	0
13	364	0
56	324	0
66	241	0
61	329	0
3	215	0
34	46	0
65	149	0
10	83	0
27	254	0
64	110	0
46	62	0
39	125	0
45	191	0
10	245	0
66	373	0
56	181	1
8	49	0
15	249	0
30	10	0
37	363	0
18	97	0
34	87	0
18	281	0
48	137	0
53	276	0
49	12	0
59	6	0
4	118	1
24	373	0
38	171	0
47	375	0
28	48	0
66	281	0
41	68	0
39	376	0
64	274	0
10	269	0
58	198	0
34	211	0
58	212	1
50	281	0
25	136	0
5	292	0
36	87	0
26	245	0
47	305	0
67	182	0
58	366	0
14	306	0
60	173	0
37	148	0
26	373	1
18	195	0
59	33	0
66	67	0
0	354	0
58	38	0
48	222	0
27	341	0
46	232	0
16	0	0
3	158	0
30	337	0
46	173	0
62	324	0
30	216	0
21	377	0
60	375	0
9	373	0
45	241	1
39	355	0
13	94	0
47	371	0
25	274	1
60	63	0
46	321	0
11	147	0
16	365	0
36	78	0
25	265	0
35	68	0
5	364	0
48	332	0
6	84	0
37	149	0
39	373	0
37	346	0
67	30	0
62	80	0
1	115	0
20	212	0
5	301	0
16	21	0
7	266	0
3	200	0
6	297	0
25	368	0
23	66	0
64	216	0
22	60	1
30	316	0
61	335	0
3	189	0
34	170	0
46	30	0
23	26	0
35	270	0
36	306	0
42	274	0
44	8	0
15	342	0
6	282	0
59	281	0
11	225	0
24	373	1
55	344	0
20	160	0
4	374	0
9	370	0
13	373	0
17	245	0
46	235	0
45	263	0
49	159	0
32	355	0
53	376	0
56	373	0
15	230	0
59	78	0
54	110	0
28	353	0
48	199	0
7	325	0
56	141	0
42	369	0
36	38	0
32	6	0
39	191	0
6	143	0
32	316	0
15	220	0
22	351	0
58	358	0
22	373	0
59	151	0
9	268	0
13	63	0
3	122	0
6	246	0
43	6	0
6	184	0
26	352	0
22	79	1
35	378	0
0	50	0
38	373	0
5	116	0
43	205	0
16	163	0
3	376	0
27	372	0
0	274	0
13	373	0
14	346	0
4	59	0
17	41	0
31	333	0
33	200	0
26	169	0
66	17	0
30	66	0
32	241	1
62	181	1
29	5	0
53	69	0
22	308	0
47	78	0
37	293	0
36	75	0
62	375	0
40	371	0
31	215	0
58	106	0
19	262	0
10	97	0
52	298	0
29	269	0
61	106	0
60	235	0
22	1	1
48	163	0
17	69	0
7	201	0
55	228	0
32	38	0
1	98	0
2	103	0
52	15	0
51	274	0
30	206	0
47	22	0
1	63	0
35	376	0
25	303	0
45	373	1
5	373	0
60	362	0
28	200	0
67	124	0
29	175	0
64	274	0
45	256	0
43	373	0
67	275	0
64	99	0
43	373	0
9	376	1
28	29	0
20	158	0
48	38	0
25	272	0
15	122	0
16	85	0
28	61	0
0	310	0
50	172	0
52	165	0
16	227	0
42	89	0
42	309	0
8	79	0
56	154	0
7	146	0
53	85	0
43	80	0
10	197	0
8	175	0
16	98	0
36	339	0
30	277	0
3	176	0
35	38	0
20	170	0
30	92	0
42	11	0
23	53	0
33	372	0
3	211	0
8	7	0
58	145	0
43	226	0
26	377	0
21	136	1
51	372	0
25	203	0
47	312	0
60	255	0
22	373	0
24	106	0
12	110	0
12	366	0
46	261	0
23	68	0
43	140	0
21	104	1
3	188	0
25	104	0
21	116	1
31	321	0
52	335	0
47	218	0
51	266	0
62	77	0
60	113	0
58	252	0
45	111	0
49	125	0
66	78	0
55	339	0
60	179	0
31	376	0
55	197	0
41	132	0
7	222	0
0	281	0
60	363	0
18	261	0
64	376	0
52	206	0
56	138	0
56	90	0
16	281	1
9	295	0
62	376	0
18	235	0
41	86	0
9	215	1
53	162	0
59	279	0
46	10	0
42	282	1
40	343	0
14	106	0
32	1	1
41	373	0
2	317	0
24	7	0
5	373	0
29	327	0
16	11	0
50	353	0
45	30	0
34	200	0
52	344	0
0	259	0
53	48	0
48	96	0
58	196	0
34	81	0
25	305	0
52	85	0
15	197	0
21	60	1
48	320	0
53	373	0
11	315	0
66	133	0
17	101	0
52	5	0
23	148	0
31	115	0
9	365	0
60	149	0
25	234	0
14	249	0
7	117	0
61	210	0
3	220	0
6	331	0
45	77	0
29	361	0
35	17	0
17	78	0
23	354	0
50	362	1
16	148	0
41	240	0
22	283	0
35	296	0
51	67	0
28	300	0
23	35	0
51	61	0
36	52	0
38	160	0
61	349	0
63	243	0
60	70	0
59	119	0
9	63	0
23	183	0
50	257	0
46	224	0
64	122	0
52	101	0
37	169	0
45	186	0
2	318	0
24	18	0
2	123	0
36	69	0
6	373	0
29	171	0
62	259	0
31	184	0
41	276	0
6	65	0
31	104	0
4	322	0
4	241	0
7	310	0
39	64	0
27	373	0
38	327	0
27	38	0
49	97	0
60	288	0
30	299	0
64	267	0
67	80	0
45	269	0
37	210	0
66	62	0
15	228	0
51	373	0
28	373	0
20	373	0
60	265	0
56	211	0
45	300	0
37	3	0
57	319	0
1	41	0
21	123	0
31	171	0
41	12	0
65	38	0
20	234	0
46	241	0
33	220	0
37	340	0
46	236	1
63	87	0
67	258	0
1	48	0
64	106	0
37	284	0
37	269	0
15	322	0
64	4	0
28	276	0
16	238	0
29	256	0
16	63	0
35	37	0
17	46	0
54	311	0
56	346	0
23	281	0
38	84	0
33	186	0
58	71	0
25	341	0
20	122	0
46	376	0
61	301	0
35	160	0
47	258	0
11	360	0
3	132	0
14	343	0
2	281	0
24	241	0
44	34	0
7	358	0
62	257	0
13	264	0
59	340	0
26	311	0
20	31	0
26	241	0
47	131	0
46	252	0
59	252	0
38	142	0
15	38	0
57	192	0
45	13	0
19	42	0
58	65	0
23	365	1
16	26	0
16	326	1
57	215	0
56	370	0
53	103	0
23	376	0
21	274	1
42	80	0
40	274	0
22	120	0
32	175	0
14	281	0
39	202	0
35	337	0
59	376	0
6	241	0
54	127	0
30	342	0
45	173	0
15	196	0
14	347	0
46	228	0
8	161	0
26	57	0
30	38	1
5	314	0
27	355	0
67	73	0
26	358	0
16	50	0
8	202	0
42	234	0
48	129	0
29	309	0
40	288	0
14	364	0
48	155	0
16	142	0
34	38	0
55	237	0
0	286	0
33	369	0
25	276	0
22	10	0
43	169	0
67	179	0
46	22	0
4	178	0
41	3	0
43	13	0
50	281	0
2	361	0
26	78	0
48	241	0
65	209	0
56	3	0
13	38	0
15	376	0
7	377	0
45	119	0
21	222	1
0	159	0
39	224	0
29	144	0
2	29	0
49	252	0
59	207	0
37	374	0
10	344	0
16	153	0
62	2	1
31	226	0
21	39	0
60	216	0
48	326	0
10	376	0
30	38	0
38	170	0
49	308	0
1	224	0
21	115	0
20	66	0
30	259	0
27	320	0
53	167	0
28	213	0
5	12	0
43	271	0
21	341	0
18	37	0
45	202	0
25	246	0
26	373	0
41	328	0
42	22	0
18	25	0
12	253	0
64	91	0
58	252	0
58	204	0
26	373	1
4	56	0
8	130	0
31	373	0
52	222	0
51	256	0
64	356	0
67	123	0
2	248	0
7	219	0
29	349	0
30	146	0
59	311	0
0	74	0
49	116	0
44	130	0
53	30	0
26	289	0
57	376	0
61	179	0
43	116	0
10	113	0
21	128	0
48	235	0
10	319	0
41	234	0
61	241	0
47	280	0
20	203	0
39	172	0
56	265	0
36	11	0
9	6	0
14	258	0
26	127	0
25	190	0
14	26	0
25	162	0
31	43	0
21	155	1
11	346	0
6	367	0
53	224	0
64	72	0
62	335	0
49	31	0
27	242	0
49	281	0
34	192	0
66	42	0
14	141	0
13	55	0
25	285	0
9	334	0
29	339	0
40	186	0
65	170	0
22	45	0
29	296	0
37	344	0
53	191	0
37	18	0
37	306	0
56	8	0
2	158	0
28	274	0
10	181	0
32	78	0
57	373	0
24	64	0
0	166	0
37	68	0
15	374	0
10	164	0
56	249	0
21	257	1
22	273	0
26	373	1
43	274	1
54	374	0
21	181	1
13	373	0
62	303	1
22	276	1
58	5	0
26	123	0
39	132	0
28	334	0
28	166	0
45	274	1
11	45	0
10	287	0
34	373	0
10	31	0
30	133	0
26	76	0
15	369	0
52	292	0
44	63	0
5	152	0
55	39	0
39	73	0
47	214	0
27	63	0
13	162	0
17	274	0
20	359	0
23	38	0
53	373	0
17	214	0
21	365	0
58	331	0
9	271	0
65	321	0
17	38	0
9	39	0
65	354	0
62	265	0
35	364	0
56	355	0
44	274	0
17	133	0
21	376	0
17	252	0
13	154	0
6	280	0
66	90	0
25	373	0
8	174	0
9	358	0
0	102	0
10	120	0
24	304	0
25	30	0
45	230	0
20	38	0
17	286	0
59	109	0
59	376	0
27	281	0
45	170	1
33	75	0
17	126	0
5	25	0
15	373	0
27	232	0
35	353	0
38	180	0
20	28	0
66	148	0
53	147	0
5	2	0
65	297	0
26	23	0
40	240	0
53	80	0
57	156	0
7	190	0
36	1	0
2	13	0
28	172	0
32	376	0
8	270	0
46	367	0
67	293	0
4	93	0
15	294	0
60	264	0
15	258	0
34	281	0
60	30	0
49	26	0
58	39	0
42	125	0
38	350	0
52	269	0
52	241	0
51	77	0
7	34	0
57	75	0
61	281	1
66	316	0
51	298	0
65	182	0
31	69	0
17	373	0
51	113	0
59	102	0
23	233	0
49	278	0
27	82	0
0	338	0
66	137	0
52	67	0
62	248	1
8	60	0
15	97	0
49	106	0
14	183	0
4	338	0
59	373	1
28	333	0
39	98	0
10	376	0
13	91	0
55	65	0
18	204	0
17	56	0
52	12	0
17	153	0
67	129	0
20	376	0
32	166	0
18	186	0
0	277	0
50	376	0
33	376	0
41	113	0
23	133	0
64	211	0
8	51	0
38	225	0
52	237	0
20	30	0
5	303	0
35	338	0
27	319	0
25	362	0
44	357	0
25	289	0
0	38	0
21	276	0
32	207	0
15	254	0
6	73	0
28	203	0
14	110	0
6	370	0
6	374	0
42	241	1
40	378	0
66	51	0
20	39	0
64	135	0
35	12	0
49	273	0
56	199	0
37	75	0
47	26	0
8	104	0
36	37	0
57	250	0
65	258	0
62	228	0
50	366	0
20	197	0
57	316	0
3	274	0
47	149	0
8	206	1
37	342	0
44	303	0
55	376	0
5	98	0
37	310	0
53	250	0
47	309	0
32	274	1
15	214	0
42	74	0
27	17	0
61	200	0
51	323	0
55	20	0
43	26	0
33	66	0
3	172	0
21	281	0
25	378	0
7	274	0
16	249	0
24	373	1
44	76	0
27	151	0
34	309	0
36	323	0
64	79	0
9	373	0
39	112	0
28	376	0
35	298	0
35	49	0
49	271	0
66	38	0
65	142	0
11	139	0
26	243	0
66	333	0
33	94	0
62	175	0
26	266	0
61	128	0
39	63	0
2	8	0
39	20	0
3	152	0
64	22	0
51	376	0
47	281	0
1	159	0
17	378	0
4	253	0
28	270	0
19	260	0
53	274	0
34	39	0
7	343	0
21	158	1
20	256	0
56	281	0
56	23	0
62	93	0
11	351	0
11	345	0
49	255	0
5	327	0
14	38	1
6	70	0
51	126	0
48	178	0
29	281	0
14	224	0
37	198	0
1	138	0
42	167	0
4	296	0
35	38	0
65	373	0
1	244	0
67	146	0
33	182	0
15	367	0
36	124	0
27	373	0
53	373	0
56	73	0
6	175	0
58	149	0
67	344	0
39	295	0
26	225	0
19	149	0
44	78	0
40	194	0
7	323	1
61	122	0
50	164	1
59	66	0
13	118	0
30	274	0
31	80	0
44	241	0
30	289	0
17	350	0
29	239	0
21	333	1
9	0	0
1	21	0
36	227	0
45	39	0
63	293	0
8	96	0
25	49	0
24	188	1
40	134	0
12	370	0
10	48	0
34	373	0
49	215	0
24	60	0
11	373	0
30	315	0
45	38	1
41	274	0
36	108	0
52	49	0
47	145	0
15	66	0
26	215	0
19	8	0
56	197	0
3	376	0
32	32	0
6	317	0
8	333	0
54	281	0
40	195	0
56	213	0
39	52	0
43	192	0
6	19	0
36	213	0
14	281	0
46	38	0
51	373	0
4	162	0
46	333	0
63	166	0
15	104	0
19	240	0
12	373	0
35	234	0
60	191	0
10	254	0
56	252	1
21	280	1
46	322	0
35	187	0
42	327	0
25	373	0
17	95	0
51	210	0
47	356	0
55	241	0
6	108	0
54	349	0
3	94	0
8	106	0
28	372	0
47	135	0
35	80	0
62	222	1
59	60	0
55	376	0
18	70	1
62	22	0
6	43	0
36	345	0
4	115	0
60	369	0
54	373	0
28	41	0
50	258	0
46	296	0
36	281	0
16	162	1
0	376	0
28	45	0
32	200	0
26	95	0
14	241	0
11	281	0
14	281	0
43	340	0
26	241	0
23	200	0
46	50	0
17	32	0
48	335	0
40	241	0
28	368	0
16	58	0
63	130	0
37	281	0
49	345	0
28	305	0
38	242	0
41	270	0
60	156	0
60	28	0
59	260	0
55	38	0
2	349	0
50	316	1
24	157	0
18	184	0
3	185	0
43	246	0
61	298	0
44	274	0
46	38	0
49	220	0
4	154	0
2	186	0
64	224	0
26	84	0
9	280	0
2	134	0
20	5	0
59	302	0
20	2	0
49	376	0
61	373	0
48	27	0
13	145	0
39	274	0
2	215	0
54	157	0
56	58	0
53	79	0
12	62	0
20	32	0
26	251	0
34	338	0
54	334	0
53	319	0
18	233	0
9	266	0
23	115	0
0	146	0
27	74	0
34	147	0
50	274	0
22	373	0
44	274	0
8	185	0
35	233	0
56	316	0
8	39	1
48	125	1
37	9	0
32	224	0
15	119	0
27	278	0
1	58	0
66	15	0
24	26	0
52	97	0
33	368	0
1	13	0
65	281	0
58	166	1
32	37	0
8	153	0
38	156	0
52	116	0
48	347	0
18	343	0
43	223	0
29	320	0
36	66	0
12	251	0
40	102	0
0	151	0
12	373	0
46	199	0
8	82	0
45	3	0
46	249	0
57	136	0
36	65	0
40	278	0
39	135	0
13	339	0
37	308	1
20	119	0
31	109	0
9	119	0
8	8	0
13	190	0
33	260	0
60	7	0
65	377	0
12	156	0
65	282	0
44	253	0
41	376	0
43	110	0
1	42	0
54	372	0
54	248	0
50	187	0
66	86	0
46	241	0
50	210	0
42	363	0
59	233	0
7	286	0
12	342	0
42	88	0
62	104	1
49	198	0
37	72	0
32	282	0
30	113	0
29	237	0
47	281	0
26	336	0
55	268	0
27	113	0
20	259	0
43	146	0
24	109	0
9	184	0
11	109	0
0	360	0
5	274	0
43	53	1
46	146	0
28	34	0
35	280	0
24	105	0
38	153	0
26	5	0
40	75	0
56	251	0
52	62	0
1	268	0
39	241	0
5	94	0
47	373	0
9	91	0
50	169	0
36	322	0
45	117	0
23	292	0
7	135	0
53	237	0
7	85	0
61	41	0
4	187	0
60	175	0
32	216	0
48	238	0
42	260	0
51	83	0
63	230	0
40	376	0
61	206	0
50	166	1
1	90	0
63	180	0
21	121	0
66	294	0
64	274	0
66	4	0
3	103	0
66	188	0
8	213	0
9	37	0
60	333	0
2	356	0
25	82	0
5	236	0
23	325	0
28	53	0
26	63	0
33	348	0
51	352	0
22	206	0
32	356	0
22	354	0
30	192	0
59	326	0
62	273	1
19	35	0
59	247	0
26	14	0
14	19	0
44	87	0
40	80	0
61	215	0
11	49	0
36	207	0
30	138	0
33	281	0
8	173	0
57	115	0
19	41	0
18	15	0
22	376	0
2	145	0
26	249	0
1	368	0
18	306	0
18	281	0
22	118	0
10	315	0
14	109	0
21	74	1
63	339	0
17	48	0
9	172	0
17	57	0
46	139	0
33	63	0
49	266	0
16	354	0
38	358	0
31	225	0
20	372	0
40	373	0
29	330	0
60	321	0
9	376	1
63	7	0
38	40	0
45	238	0
0	57	0
11	254	0
36	181	0
62	16	1
6	166	0
55	338	0
44	28	0
17	100	0
3	338	0
50	232	0
49	373	0
7	352	0
61	270	0
61	23	0
35	111	0
62	269	0
23	274	0
55	142	0
4	177	0
1	27	0
58	125	0
31	35	0
38	169	0
39	155	0
31	48	0
63	5	0
6	210	0
27	303	0
5	281	0
54	324	0
8	216	0
59	264	0
21	78	1
57	66	0
56	116	0
11	231	0
0	251	0
53	71	0
53	281	0
52	377	0
0	263	0
10	212	0
13	369	0
13	334	0
32	377	0
1	200	0
26	339	0
61	336	0
57	220	0
65	200	0
60	291	0
54	155	0
11	124	0
5	72	0
44	244	0
44	239	0
35	88	0
65	138	0
36	326	0
38	200	0
47	254	0
41	180	0
64	147	0
3	241	0
65	263	0
60	241	1
32	102	0
36	21	0
39	300	0
49	207	0
35	194	1
46	376	0
33	321	0
35	241	0
63	378	0
46	113	0
43	136	0
28	283	0
58	373	1
24	376	0
63	139	0
58	320	0
27	376	0
46	251	0
17	230	0
37	14	0
63	54	0
37	238	0
28	60	0
17	373	0
0	372	0
37	254	0
56	288	0
42	152	1
37	243	0
42	373	0
33	373	0
1	373	0
2	376	0
54	274	0
41	353	0
44	252	0
33	150	0
8	259	0
19	136	0
17	233	0
66	151	0
8	90	0
53	216	0
52	373	0
40	345	0
4	281	0
47	376	0
23	323	0
28	87	0
58	31	0
57	16	0
9	283	0
20	181	0
28	28	0
10	25	0
31	308	0
27	39	0
44	95	0
53	354	0
29	18	0
26	68	0
53	373	0
53	9	0
21	114	1
3	17	0
15	227	0
18	281	0
39	185	0
62	250	0
13	73	0
24	210	0
45	23	0
43	71	0
53	254	0
20	71	0
35	219	0
40	19	0
42	375	0
59	88	0
21	8	0
45	97	0
6	249	0
16	91	0
26	219	0
1	331	0
37	207	0
52	337	0
53	377	0
32	274	0
40	274	0
65	337	0
17	121	0
0	281	0
48	130	0
22	83	0
36	239	0
31	100	0
30	354	0
18	100	0
9	270	0
19	225	0
2	286	0
17	202	0
29	284	0
41	315	0
33	115	0
45	271	0
58	225	0
10	373	0
42	217	0
46	130	0
52	31	0
3	269	0
36	115	0
1	305	0
60	163	0
35	201	0
12	289	0
46	168	0
42	333	0
55	165	0
18	166	0
19	373	0
12	181	0
65	188	0
21	111	1
44	12	0
14	159	0
36	183	0
3	373	0
67	274	0
24	124	0
28	4	0
29	329	0
5	209	0
63	222	0
21	69	0
52	11	0
49	136	0
15	184	0
65	373	0
14	200	0
58	111	1
64	120	0
49	193	0
33	221	0
12	79	0
35	289	0
54	61	0
14	193	0
4	159	0
44	247	0
48	250	0
17	195	0
61	208	0
1	193	0
17	373	0
16	177	0
24	343	0
63	2	0
7	111	0
48	301	0
11	53	0
48	31	0
14	113	0
56	55	0
59	291	0
15	266	0
53	182	0
10	173	0
65	311	0
39	293	0
18	320	0
29	319	0
65	33	0
34	163	0
35	370	0
50	138	0
25	198	0
7	176	0
65	116	0
27	281	0
66	168	0
44	201	0
30	74	0
46	45	0
32	296	0
21	67	0
11	157	0
9	128	0
63	366	0
59	149	0
16	32	0
28	72	0
45	316	0
52	160	0
7	282	0
54	216	0
59	377	0
9	56	0
55	241	0
24	342	0
34	280	0
41	373	0
48	29	0
50	62	0
61	248	0
44	157	0
2	321	0
58	121	0
32	250	0
31	151	0
50	120	0
65	109	0
24	224	0
50	84	0
9	326	0
60	202	0
33	281	0
29	378	0
45	157	0
43	179	0
51	4	0
49	51	0
32	15	0
44	152	0
10	35	0
19	247	0
24	231	0
35	173	0
47	227	0
43	131	0
18	332	0
43	115	0
50	177	0
28	79	0
56	222	0
26	236	0
28	281	0
40	259	0
1	12	0
34	209	0
45	326	0
31	365	0
11	241	1
9	188	0
24	12	0
4	55	0
13	66	0
63	266	0
50	373	1
23	281	0
28	2	0
56	280	0
62	270	0
47	276	0
3	353	0
53	281	0
64	158	0
64	331	0
64	247	0
27	241	0
31	221	0
55	205	0
48	268	0
16	333	0
8	353	0
2	200	0
29	376	0
31	281	0
50	38	0
8	87	0
58	8	0
31	169	0
24	72	0
4	121	0
23	218	0
43	362	0
21	369	1
36	373	0
38	165	0
14	291	0
62	291	0
51	3	0
40	182	0
36	294	0
18	270	1
19	373	0
44	77	0
45	84	0
6	0	0
60	176	0
36	373	0
53	233	0
54	348	0
67	346	0
55	12	0
13	274	0
16	65	0
18	143	0
66	325	0
51	300	0
23	364	0
23	1	1
32	156	0
44	264	0
16	38	0
62	304	0
33	289	0
47	169	0
27	270	0
57	339	0
24	281	0
5	11	0
20	270	0
16	339	0
1	376	0
60	300	0
63	376	0
42	169	0
18	190	0
18	344	1
8	166	0
13	297	0
42	281	0
9	282	0
61	264	0
21	263	0
21	157	0
0	185	0
36	364	0
53	360	0
18	241	1
38	357	1
37	195	0
2	206	0
65	92	0
11	336	0
56	347	0
23	141	0
16	313	0
5	274	0
9	9	0
63	377	0
21	14	0
55	145	0
58	108	0
35	6	0
29	266	0
45	345	0
66	200	0
4	12	1
44	167	0
43	235	0
23	363	1
12	281	0
65	260	0
40	334	0
15	349	0
67	0	0
55	376	0
56	80	0
52	184	0
46	203	0
26	79	0
4	143	0
21	281	0
50	60	0
4	31	0
62	376	0
50	135	0
51	20	0
2	282	0
26	18	0
63	241	0
64	281	1
18	61	0
20	35	0
1	295	0
32	190	0
5	5	0
48	212	0
43	130	0
29	33	0
47	11	0
33	281	0
15	1	1
54	280	0
19	60	0
39	199	0
55	58	0
41	118	0
35	224	0
46	316	0
44	281	0
33	196	0
4	341	0
37	164	0
6	321	0
20	83	0
13	113	0
33	364	0
62	39	0
31	175	0
42	6	0
20	127	0
31	73	0
16	376	0
46	108	0
61	373	0
67	325	0
56	267	0
35	367	0
1	365	0
13	274	0
1	215	0
47	90	0
19	129	0
34	157	0
29	68	0
52	60	0
62	123	0
36	361	0
49	138	0
5	19	0
20	96	0
47	197	0
55	163	1
39	37	0
39	251	0
12	278	0
66	277	0
26	230	0
52	306	0
13	230	0
7	250	0
67	373	0
42	155	0
44	354	0
32	122	0
14	16	0
50	60	0
18	120	0
59	134	0
47	85	0
34	89	0
20	166	0
15	161	0
22	236	0
25	28	0
19	78	0
49	152	0
54	220	0
45	101	0
37	82	0
26	4	0
48	183	0
4	146	0
2	113	0
51	279	0
43	303	0
29	373	0
42	23	0
0	101	0
7	75	0
32	281	0
35	138	0
51	194	0
58	376	0
50	281	0
33	325	0
48	153	0
39	244	0
64	38	0
24	152	0
0	77	0
4	190	0
6	368	0
49	206	0
29	204	0
59	297	0
19	222	0
1	133	0
29	272	0
22	14	0
38	207	0
11	16	0
39	337	0
55	114	0
4	97	0
59	174	0
18	240	0
42	46	0
51	184	0
1	71	0
57	73	1
54	347	0
1	19	0
49	251	0
57	224	0
14	373	0
62	309	0
64	315	0
12	290	0
67	307	0
5	365	0
17	237	0
10	190	0
6	176	0
14	298	0
3	155	0
23	125	0
5	336	0
48	251	0
41	196	0
13	44	0
66	173	0
23	290	0
38	23	0
49	331	0
37	13	0
31	189	0
21	37	0
62	274	1
14	49	0
41	241	0
19	252	0
41	375	0
62	221	0
57	274	0
1	160	0
15	155	0
67	271	0
13	133	0
18	93	0
64	281	1
42	82	0
14	12	0
11	220	0
64	251	0
30	234	0
41	231	0
66	10	0
40	28	0
6	128	0
56	327	0
56	46	0
40	47	0
64	190	0
5	204	0
56	98	0
25	7	0
1	25	0
48	223	0
65	373	0
6	265	0
42	52	0
3	110	0
26	38	0
63	122	0
26	267	0
55	97	0
48	97	0
36	147	0
33	82	0
49	70	0
45	94	0
0	341	0
33	142	0
54	23	0
46	281	1
0	160	0
36	224	0
57	178	0
36	128	0
57	166	0
60	219	0
65	352	0
29	96	0
30	186	0
22	137	0
17	284	0
66	313	0
8	314	0
37	94	0
46	148	0
49	272	0
4	149	0
31	376	0
23	0	1
25	261	0
66	295	0
13	274	0
56	245	0
24	161	0
20	231	0
29	281	0
24	255	0
30	213	0
17	193	0
18	12	0
58	267	0
8	217	0
8	99	0
17	278	0
25	376	0
63	98	0
37	154	0
46	274	0
44	344	0
22	64	1
59	262	0
8	322	0
65	89	0
34	290	0
8	29	0
65	201	0
45	350	0
16	270	0
13	45	0
7	2	0
3	308	0
27	18	0
48	274	0
61	377	0
52	87	0
27	59	0
41	64	0
26	105	0
15	265	0
59	43	0
8	46	0
43	233	0
48	350	0
5	324	0
36	158	0
5	330	0
49	241	0
33	378	0
27	22	0
3	209	0
44	59	0
17	19	0
9	64	0
24	332	0
15	299	0
18	238	0
12	305	0
26	231	0
1	102	0
18	122	0
1	265	0
7	168	0
67	153	0
6	259	0
48	307	0
22	281	1
37	253	0
9	149	0
42	118	0
12	106	0
56	188	1
57	62	0
32	349	0
58	265	0
2	207	0
19	14	0
24	50	0
30	217	0
49	378	0
32	284	0
23	350	0
41	104	0
16	376	0
31	150	0
56	147	0
55	274	0
6	35	0
7	347	0
8	70	0
38	144	0
4	281	0
52	147	0
58	190	0
50	261	0
0	144	0
36	47	0
24	373	1
41	92	0
8	149	0
26	66	0
43	88	0
36	321	0
45	325	0
24	297	0
9	274	0
61	82	0
36	167	0
0	235	0
57	59	0
46	313	0
34	75	0
42	373	0
55	218	0
37	241	0
62	83	0
24	281	0
46	98	0
3	306	0
51	78	0
57	53	0
36	138	0
59	373	0
34	113	0
52	376	0
32	281	0
54	228	0
59	70	1
5	86	0
34	193	0
12	178	0
15	38	0
49	340	0
31	12	0
55	267	0
5	122	0
41	373	0
66	114	0
40	171	0
20	363	0
11	38	1
48	373	0
13	290	0
25	227	0
20	373	0
62	254	0
31	255	0
15	100	0
64	124	0
19	46	0
10	121	0
27	321	0
40	283	0
33	248	0
5	76	0
44	133	0
5	151	0
55	269	0
17	341	0
12	187	0
29	301	0
54	254	0
16	122	0
16	346	0
46	97	0
57	267	1
6	285	0
67	354	0
20	100	0
32	269	0
35	96	0
20	226	0
20	130	0
45	178	1
4	305	0
12	261	0
1	55	0
30	12	0
30	221	0
52	252	0
49	25	0
51	236	0
67	304	0
55	353	0
22	281	0
28	373	0
7	38	0
22	146	0
42	38	1
13	207	0
42	373	0
48	373	0
18	193	1
3	89	0
53	358	0
58	129	0
55	83	0
58	200	0
6	142	0
34	303	0
61	235	0
51	7	0
65	336	0
43	95	0
37	133	0
27	224	0
30	373	0
66	360	0
47	15	0
11	272	0
61	113	0
37	325	0
1	279	0
23	274	1
16	38	0
43	132	0
27	81	0
50	371	1
53	180	0
38	119	0
16	278	0
15	188	0
34	246	0
15	350	0
50	175	0
21	9	0
28	279	0
7	376	0
1	51	0
43	105	0
24	274	0
15	111	0
2	273	0
24	113	0
48	201	0
44	280	0
12	315	0
5	221	0
48	274	0
5	376	0
34	352	0
50	228	0
53	321	0
22	78	1
11	189	0
29	343	0
65	151	0
32	159	0
26	12	0
7	313	0
17	301	0
55	215	0
21	332	0
58	97	0
36	214	0
9	46	0
37	200	0
42	24	0
25	334	0
30	359	0
61	8	0
24	169	0
18	196	0
1	376	0
60	327	0
55	337	0
4	323	0
56	323	0
6	302	0
57	60	0
28	124	0
66	92	0
54	84	0
10	182	0
33	84	0
59	225	0
9	11	0
65	14	0
4	339	0
1	213	0
53	137	0
31	193	0
22	58	1
43	241	0
18	119	0
2	75	0
49	178	0
43	270	0
53	192	0
8	285	0
41	90	0
27	88	0
43	84	0
35	137	0
66	317	0
22	274	0
17	376	0
19	270	0
28	365	0
6	26	0
30	250	0
51	103	0
59	132	0
62	33	0
54	190	0
29	34	0
65	255	0
38	332	0
48	179	0
40	220	0
59	85	0
7	345	1
27	137	0
46	100	0
17	136	0
63	245	0
33	184	0
64	177	0
42	374	0
53	281	0
40	158	0
64	38	0
0	273	0
64	137	0
37	350	0
25	125	0
31	323	0
44	183	1
32	367	0
16	281	0
43	157	0
49	18	0
65	244	0
23	22	0
45	273	1
42	274	1
29	149	0
61	259	0
31	260	0
28	134	0
26	138	0
50	373	1
54	291	0
35	87	0
24	167	0
37	271	0
9	27	0
1	285	0
21	352	0
60	181	0
59	344	0
21	373	1
29	72	0
38	187	0
7	366	0
66	129	0
61	4	0
61	112	0
19	4	0
41	198	0
25	200	0
62	328	0
21	66	0
21	358	0
5	344	0
20	260	0
41	16	0
33	187	0
27	169	0
40	279	0
32	66	0
53	206	0
53	347	0
32	49	0
23	307	0
49	253	0
5	15	0
56	360	0
58	15	1
47	59	0
11	211	0
15	346	0
66	45	0
13	18	0
54	223	0
23	219	0
57	282	0
3	282	0
50	239	0
55	155	0
27	52	0
61	324	0
50	79	0
61	241	0
18	257	0
62	373	0
59	47	0
65	326	0
24	366	0
34	90	0
64	269	0
31	371	0
50	152	0
46	200	0
28	194	0
52	341	0
58	373	1
40	25	0
41	2	0
9	160	0
23	82	0
21	141	1
65	259	0
54	180	0
63	60	0
35	354	0
61	262	0
12	146	0
10	160	0
56	114	0
16	53	0
61	81	0
29	211	0
29	67	0
3	305	0
28	190	0
8	63	0
6	157	0
59	335	0
37	177	0
48	281	1
20	225	0
20	376	0
44	274	0
54	354	0
18	359	0
53	274	0
55	271	0
60	241	0
57	200	0
40	274	0
22	251	1
47	250	0
8	377	0
14	251	0
54	68	0
18	260	0
19	232	0
2	281	0
9	296	0
41	239	0
54	241	0
65	153	0
10	239	0
10	279	0
65	93	0
61	308	0
60	190	0
66	281	0
16	146	0
33	228	0
43	274	1
44	291	0
9	135	0
41	254	0
18	329	0
61	1	0
46	274	0
52	76	0
30	292	0
57	142	0
4	207	0
17	15	0
21	317	0
22	281	0
61	103	0
44	101	0
12	57	0
27	328	0
20	252	0
44	312	0
9	167	0
50	254	0
14	218	0
50	38	0
50	170	0
58	216	0
39	307	0
29	207	0
20	321	0
50	205	0
60	366	0
44	171	0
0	242	0
61	161	0
46	52	0
4	237	0
35	57	0
23	113	0
18	316	0
2	304	0
26	373	0
19	1	1
35	274	1
63	62	0
19	16	0
12	183	0
39	313	0
27	84	0
9	212	0
46	351	0
33	265	0
22	39	0
57	134	0
63	253	0
18	57	0
67	318	0
62	293	0
16	29	0
52	134	0
36	300	0
20	377	0
42	245	0
67	215	0
12	113	0
55	236	0
2	60	0
26	104	0
20	290	0
60	275	0
32	213	0
56	274	0
61	165	0
17	192	0
47	29	0
42	205	1
7	186	0
18	347	0
65	241	0
45	233	0
11	169	0
8	33	0
64	40	0
19	346	0
11	155	0
55	209	0
55	139	0
22	151	1
49	373	0
14	96	0
67	376	0
25	171	0
67	240	0
19	44	0
63	356	0
56	241	0
67	253	0
52	290	0
61	213	0
16	10	0
49	120	0
43	41	0
31	97	0
25	317	0
60	88	0
36	341	0
41	255	0
66	284	0
2	350	0
65	281	1
45	46	0
61	171	0
62	23	0
4	210	0
48	287	0
36	311	0
66	371	0
14	170	0
57	301	0
47	140	0
55	261	0
56	252	0
40	319	0
24	373	1
44	237	0
38	86	0
52	294	0
44	72	0
44	225	0
44	329	0
50	57	0
31	101	0
28	286	0
63	211	0
9	281	0
15	60	0
28	309	0
26	321	0
19	256	0
7	292	0
63	307	0
67	219	0
62	146	0
50	287	0
62	377	0
9	81	0
37	264	0
31	376	0
17	71	1
45	308	0
13	373	0
13	161	0
46	204	0
5	321	0
62	211	0
19	190	0
31	176	0
16	361	1
15	146	0
14	241	0
4	128	0
66	189	0
56	321	0
43	2	0
9	121	0
41	156	0
24	251	0
43	274	0
66	130	0
43	332	0
0	299	0
67	342	0
28	223	0
9	373	0
67	322	0
28	224	0
16	184	0
5	281	0
0	73	0
3	309	0
11	373	0
57	128	0
34	0	0
56	367	0
41	102	0
52	41	0
45	20	0
37	245	0
17	110	0
25	296	0
42	356	0
9	245	0
63	0	0
64	198	0
33	341	0
48	376	0
27	193	0
26	29	0
31	148	0
45	346	0
20	302	0
53	86	0
18	109	0
55	325	0
2	204	0
50	2	0
4	354	0
41	241	0
15	300	0
20	60	0
8	159	0
5	22	0
23	373	1
23	199	0
3	197	0
25	226	0
17	325	0
18	5	0
58	19	0
9	232	0
30	11	0
12	318	0
33	281	0
23	5	0
48	30	0
37	97	0
48	358	0
38	374	0
28	40	0
63	220	0
32	152	0
6	192	0
11	26	0
35	60	0
48	220	0
52	274	0
28	1	0
40	376	0
2	106	0
19	376	0
47	50	1
52	102	0
49	377	0
27	243	0
22	65	0
49	165	0
12	241	1
37	109	0
15	19	0
19	203	0
5	93	0
52	146	0
37	369	0
48	89	0
2	313	0
33	4	0
12	281	0
52	88	0
54	141	0
56	103	0
54	246	0
5	289	0
15	372	0
22	180	0
17	119	0
60	345	0
20	174	0
54	274	0
26	99	0
63	45	0
20	281	1
39	110	0
35	40	0
30	317	0
53	138	0
22	143	1
35	241	0
20	251	0
29	364	0
32	376	0
22	303	0
8	205	0
31	376	0
9	65	0
7	183	0
35	145	0
20	169	0
24	215	0
52	250	0
45	87	0
35	28	0
59	226	0
5	231	0
64	204	0
40	235	0
49	258	0
14	376	0
43	224	0
32	58	0
24	353	0
10	210	0
50	235	0
34	248	0
34	50	0
57	147	0
52	373	0
59	316	0
57	154	0
4	232	0
22	29	1
50	38	0
44	275	0
5	192	0
62	340	0
40	106	0
61	146	0
52	183	0
21	363	1
49	181	0
33	23	0
66	335	0
48	376	0
63	203	0
43	173	0
26	281	0
15	126	0
48	41	0
14	152	0
48	38	0
8	17	1
67	262	0
65	274	0
32	209	0
65	86	0
22	33	1
57	7	0
49	311	0
2	11	0
64	210	0
24	149	0
24	172	0
11	177	0
39	174	0
25	274	0
23	132	0
4	95	0
43	325	0
17	84	0
61	303	0
45	284	0
8	326	0
27	335	0
9	177	0
57	212	0
34	179	0
53	94	0
23	378	1
33	134	0
24	272	0
0	269	0
41	100	0
6	347	0
37	175	0
2	97	0
6	21	0
4	346	0
18	253	0
44	179	0
25	215	0
60	212	0
35	373	0
42	189	1
65	60	0
22	17	0
60	119	0
67	235	0
40	109	0
64	223	0
59	329	0
2	237	0
19	345	0
26	3	0
4	138	0
10	166	0
34	324	0
65	211	0
1	75	0
16	135	0
32	344	0
54	11	0
39	136	0
48	214	0
33	106	0
25	147	0
1	124	0
56	156	0
7	10	0
47	352	0
57	224	0
54	376	0
51	373	0
56	366	0
36	273	0
18	302	0
7	365	0
6	72	0
15	376	0
28	133	0
60	376	0
12	265	0
13	12	0
32	310	0
38	318	0
41	364	0
46	176	0
45	161	0
31	361	0
21	277	1
26	353	0
60	373	0
13	246	0
26	287	0
47	38	0
48	234	0
64	133	0
66	69	0
18	152	0
65	287	0
41	359	0
40	298	0
25	120	0
48	52	0
7	245	0
20	270	0
0	281	0
18	107	0
10	169	0
40	301	0
26	199	0
58	66	0
35	366	0
66	265	0
47	373	0
16	220	1
17	73	0
47	192	0
51	362	0
6	309	0
41	31	0
44	136	0
15	2	0
17	116	0
44	208	0
40	139	0
15	15	0
28	281	0
67	203	0
34	14	0
66	88	0
36	274	0
37	33	0
44	377	0
56	294	0
32	375	0
15	130	0
65	186	0
43	28	0
4	274	0
9	182	0
18	356	0
28	217	0
32	206	0
43	186	0
51	316	0
36	145	0
22	23	0
47	344	0
33	137	0
40	8	0
53	120	0
63	55	0
34	84	0
22	119	0
65	25	0
3	373	0
3	376	0
25	320	0
18	367	0
39	324	0
29	274	0
41	170	0
29	155	0
39	349	0
12	320	0
31	274	0
57	365	0
28	261	0
23	28	0
34	154	0
65	37	0
49	200	0
41	373	0
14	179	0
32	326	0
22	200	0
43	366	0
44	206	0
6	85	0
61	189	0
18	353	0
35	212	0
36	162	0
37	54	0
43	117	0
61	100	0
30	106	0
9	97	0
34	123	0
52	118	0
39	276	0
3	334	0
47	94	0
26	136	0
30	296	0
6	95	0
53	377	0
1	210	0
10	308	0
57	55	0
1	252	0
63	86	0
7	372	0
31	81	0
43	241	0
51	110	0
63	343	0
20	184	0
19	85	0
55	85	0
39	362	0
17	55	0
37	181	0
60	105	0
33	199	0
4	279	0
66	169	0
38	139	0
66	246	0
10	198	0
55	316	0
41	189	0
59	330	0
2	344	0
36	122	0
48	353	0
34	128	0
9	31	0
37	326	0
3	283	0
61	255	0
13	85	0
53	44	0
5	96	0
34	202	0
30	115	0
28	373	0
1	106	0
67	102	0
12	201	0
61	180	0
60	258	0
14	71	0
56	319	0
8	135	0
53	170	0
61	290	0
43	272	0
55	76	0
19	173	0
29	363	0
44	335	0
58	307	0
52	281	0
32	373	0
55	361	0
19	357	0
62	141	0
36	376	0
12	186	0
38	241	1
35	230	0
15	303	0
7	139	0
17	327	0
31	8	0
67	107	0
3	231	0
21	323	1
3	286	0
12	147	0
9	349	0
10	241	0
45	224	0
5	306	0
24	246	0
16	114	1
55	38	1
66	7	0
8	6	0
58	220	0
43	312	0
9	281	0
20	112	0
48	159	0
20	75	0
18	209	0
21	161	0
59	372	0
17	300	0
30	290	0
18	366	0
35	373	0
44	12	0
19	81	0
39	252	0
0	333	0
0	298	0
31	311	0
38	281	0
5	139	0
12	257	0
38	83	0
20	89	0
50	142	0
23	97	0
46	114	0
12	274	1
40	281	0
24	46	0
17	197	0
51	205	0
15	96	0
45	58	0
56	241	1
14	286	0
47	281	0
66	73	0
35	334	0
31	51	0
18	101	0
53	47	0
11	294	0
3	99	0
28	126	0
46	281	1
40	205	0
30	184	0
66	285	0
42	249	0
60	214	0
9	154	0
54	356	0
51	186	0
38	141	0
44	107	0
14	87	0
7	376	0
52	369	0
5	155	0
65	91	0
13	255	0
7	373	1
49	123	0
53	67	0
28	369	0
52	247	0
11	178	0
2	316	0
8	163	0
36	6	0
40	31	0
61	172	0
21	373	0
64	187	0
59	38	0
14	274	0
34	187	0
60	177	0
29	145	0
51	281	0
7	369	0
61	48	0
47	79	0
7	38	0
63	268	0
30	35	0
44	153	0
62	57	0
0	82	0
23	222	0
38	246	0
51	76	0
61	133	0
48	206	0
33	87	0
43	376	0
3	2	0
36	187	0
51	373	0
20	247	0
18	165	0
41	373	0
14	373	0
61	12	0
30	335	0
18	1	1
46	238	0
23	241	0
5	159	0
17	249	0
37	179	0
38	336	0
57	217	0
51	169	0
50	248	0
39	85	0
2	227	0
37	252	0
10	82	0
18	96	1
65	241	0
36	119	0
15	373	0
30	15	0
32	348	0
2	373	0
27	3	0
1	119	0
25	128	0
66	252	0
39	344	0
14	162	0
3	113	0
32	320	0
3	95	0
51	59	0
19	359	0
58	188	0
35	25	1
41	135	0
12	239	0
49	376	0
20	228	0
32	231	0
11	151	0
33	200	0
18	131	0
9	241	0
54	346	0
9	113	0
6	240	0
49	201	0
38	204	0
14	240	0
25	274	1
4	173	0
18	274	1
41	39	0
6	156	0
56	281	0
51	120	0
3	69	0
16	74	0
14	51	0
50	376	0
41	124	0
7	121	0
33	110	0
39	93	0
21	23	0
65	265	0
29	4	0
19	140	0
42	336	0
3	147	0
50	58	0
50	67	0
27	251	0
25	288	0
6	373	0
34	61	0
7	95	0
51	13	0
20	6	0
52	251	0
14	253	0
60	2	0
33	311	1
13	303	0
60	80	0
54	257	0
26	270	0
56	376	0
33	212	0
22	104	1
31	93	0
15	79	0
49	129	0
13	114	0
25	282	0
35	274	1
52	143	0
26	246	0
26	108	0
14	128	1
65	328	0
65	361	0
18	72	0
12	347	0
31	90	0
38	101	0
25	294	0
9	373	0
30	202	0
41	350	0
48	164	0
10	371	0
41	65	0
11	226	0
55	166	0
25	243	0
36	367	0
11	286	0
4	139	0
45	19	0
6	148	0
65	331	0
6	153	0
2	127	0
32	319	0
67	210	0
65	376	0
54	217	0
28	281	0
58	12	0
59	312	0
67	331	0
14	2	0
52	17	0
43	333	1
41	373	0
9	120	0
11	282	0
4	13	0
6	183	0
66	321	0
59	274	1
51	359	0
8	176	0
30	242	0
17	102	0
46	165	0
19	373	0
61	186	0
0	377	0
54	163	0
56	279	0
63	314	0
61	15	0
40	173	0
28	349	0
48	151	0
25	84	0
52	158	0
60	203	0
42	29	0
17	138	0
53	296	0
11	138	0
9	108	0
63	32	0
44	281	0
57	121	0
2	91	0
3	324	0
37	236	0
23	281	0
33	281	0
54	70	0
6	1	0
12	94	0
12	75	0
45	15	0
0	284	0
36	353	0
65	329	0
39	322	0
27	58	0
67	180	0
32	25	0
11	67	0
15	39	0
18	241	1
0	373	0
56	196	0
26	184	0
0	210	0
31	153	0
65	143	0
16	43	0
0	168	0
30	128	0
29	14	0
58	115	0
49	322	0
4	22	0
37	183	0
36	49	0
53	5	0
10	373	0
0	373	0
53	359	0
4	283	0
59	11	0
47	224	0
48	17	0
5	373	0
18	300	0
61	18	0
27	95	0
31	212	0
29	172	0
55	61	0
58	118	0
65	97	0
5	118	0
16	4	0
17	47	0
40	60	0
1	69	0
63	241	0
37	286	0
65	31	0
67	136	0
65	224	0
52	82	0
9	186	0
23	160	0
35	376	0
37	93	0
0	135	0
13	82	0
36	218	0
43	356	0
63	227	0
45	4	0
43	155	0
11	133	0
12	263	0
67	141	0
10	141	0
59	32	0
6	287	0
48	21	0
26	158	0
8	197	0
61	96	0
47	367	0
48	273	0
31	129	0
65	376	0
37	141	0
42	373	0
16	110	0
30	19	0
10	211	0
39	222	0
51	315	0
57	274	1
24	95	0
53	198	0
54	108	0
43	69	0
46	138	0
42	183	0
47	165	0
3	241	0
66	281	0
66	298	0
31	300	0
37	19	0
50	158	0
28	340	0
61	159	0
56	122	0
44	369	1
18	281	0
31	79	1
12	328	0
62	318	0
11	115	0
0	90	0
67	9	0
55	208	0
37	214	0
44	242	0
52	366	0
5	311	0
53	371	0
47	319	1
59	371	0
50	279	0
53	240	0
8	274	0
11	340	0
40	78	0
7	355	0
3	3	0
48	241	0
5	323	0
66	115	0
64	366	0
57	277	0
47	334	0
67	82	0
48	374	0
13	137	0
21	42	1
36	317	0
17	3	0
14	332	0
21	186	0
63	214	0
61	9	0
63	302	0
31	140	0
42	292	0
50	171	0
4	140	0
66	368	0
38	373	0
61	241	0
61	44	0
2	12	0
26	302	0
54	96	0
38	233	0
2	249	0
63	48	0
66	111	0
36	152	0
58	9	0
1	89	0
57	51	1
33	266	0
48	36	0
18	229	0
21	49	0
12	221	0
55	262	0
44	115	0
5	23	0
20	340	0
64	23	0
64	377	0
34	281	0
35	241	0
15	90	0
48	226	0
48	64	0
4	281	0
63	34	0
35	4	0
52	231	0
9	248	0
32	241	1
1	362	0
5	377	0
53	306	0
17	241	0
38	334	0
19	266	1
10	373	0
38	376	0
10	113	0
32	259	0
10	148	0
54	233	0
42	241	1
3	170	0
58	154	0
6	194	0
48	270	0
35	22	0
25	376	0
30	125	0
62	188	1
16	39	0
34	376	0
36	190	0
17	77	0
17	281	0
23	207	0
51	10	0
45	28	0
29	107	0
59	361	0
33	240	0
45	200	0
51	373	0
14	272	0
21	50	1
67	161	0
47	53	0
46	2	0
45	294	0
14	68	0
34	52	0
6	59	0
30	178	1
29	238	0
21	274	0
50	200	0
4	185	0
2	372	0
67	217	0
6	27	0
57	113	0
37	376	0
33	154	0
36	260	0
35	311	0
63	147	0
66	48	0
7	376	0
42	373	0
34	19	0
38	272	0
9	363	0
26	81	0
7	39	0
24	196	0
12	275	0
63	210	0
56	377	0
30	30	0
27	1	1
65	8	0
22	335	0
67	176	0
40	101	0
42	62	0
34	375	0
39	102	0
17	61	0
55	346	0
14	376	0
17	103	0
62	60	0
65	338	0
2	285	0
54	292	0
59	38	0
62	370	1
59	21	0
1	116	0
64	368	0
58	368	0
14	238	0
21	275	1
39	227	0
44	196	0
66	251	0
57	201	1
35	109	0
14	283	0
56	35	0
6	112	0
61	223	0
31	113	0
8	97	0
7	274	1
8	332	0
63	193	0
64	313	0
57	57	0
62	274	0
64	319	0
39	94	0
34	221	0
1	161	0
38	47	0
21	164	0
38	368	0
34	138	0
41	366	0
39	143	0
45	65	0
37	291	0
54	116	0
25	377	0
23	131	1
10	138	0
33	328	0
6	196	0
51	252	0
65	39	0
53	364	0
10	28	0
29	181	0
54	16	0
1	137	0
31	236	0
37	85	0
38	94	0
6	189	0
16	213	0
18	32	0
9	89	0
51	285	0
5	281	0
0	127	0
39	41	0
62	42	0
65	373	0
7	80	0
62	241	1
5	95	0
10	146	0
65	305	0
65	185	0
61	174	0
57	49	0
55	169	0
28	189	0
21	169	0
56	281	0
30	295	0
36	253	0
12	154	0
10	172	0
30	52	0
8	20	0
51	271	0
65	140	0
38	283	0
63	349	0
61	76	0
55	244	0
24	377	0
22	302	0
40	263	0
3	30	0
33	97	0
29	184	0
41	5	0
41	169	0
44	60	0
3	45	0
1	16	0
34	261	0
35	81	0
65	60	0
48	189	0
63	63	0
59	221	0
9	8	0
22	38	1
30	179	0
0	343	0
37	6	0
0	374	0
32	363	0
48	282	0
42	239	0
32	68	0
52	265	0
56	290	0
24	316	0
64	281	0
40	34	0
60	64	0
43	191	0
12	45	0
20	310	0
2	281	0
28	231	0
32	292	0
65	193	0
0	216	0
21	231	0
50	373	1
58	113	0
21	237	1
19	200	0
42	373	0
25	141	0
37	83	0
11	274	1
49	280	0
31	298	0
63	273	0
39	113	0
50	352	0
45	8	0
50	274	0
5	274	0
62	364	1
17	232	0
54	327	0
22	75	0
62	69	0
56	206	0
66	126	0
28	180	0
30	171	0
22	346	0
25	60	0
50	91	0
48	20	0
58	45	0
53	220	0
29	202	0
27	178	0
60	263	0
1	139	0
13	11	0
5	373	0
60	281	0
67	190	0
29	62	0
36	355	0
9	194	0
8	195	0
50	376	0
54	207	0
32	264	0
16	127	0
53	153	0
24	30	0
30	281	0
4	252	0
38	164	0
11	376	0
43	133	0
46	281	1
10	335	0
67	64	0
6	33	0
55	98	0
54	253	0
44	51	0
40	75	0
49	326	0
49	203	0
10	196	0
49	49	0
42	148	0
58	54	0
44	3	0
8	123	0
62	70	1
67	183	0
45	163	1
35	69	0
9	285	0
63	201	0
27	285	0
53	88	0
41	117	0
21	378	0
49	200	0
16	281	0
9	49	0
55	123	0
67	10	0
18	194	0
7	106	0
57	120	0
9	238	0
35	215	0
30	24	0
65	163	0
25	77	0
61	190	0
35	255	0
7	101	0
45	319	0
38	98	0
55	284	0
56	72	0
13	320	0
20	106	0
46	221	0
47	89	0
66	241	0
24	164	0
46	115	0
41	113	0
23	287	1
23	189	1
45	281	0
46	126	0
2	193	0
48	252	0
24	168	0
50	11	0
50	131	1
52	376	0
21	373	0
61	205	0
1	364	0
2	243	0
13	241	0
19	310	0
2	296	0
4	262	0
58	332	0
61	184	0
62	200	1
23	373	0
63	212	0
46	330	1
4	263	0
20	337	0
17	274	0
51	0	0
36	251	0
23	374	0
15	335	0
21	38	1
43	162	0
30	343	0
28	120	0
62	179	0
8	338	0
2	212	0
47	373	0
39	198	0
4	0	0
11	185	0
5	71	0
12	354	0
4	281	0
19	135	0
38	6	0
61	101	0
44	96	0
16	357	0
38	373	0
16	51	1
32	362	0
5	313	0
25	279	0
28	278	0
29	251	0
29	254	0
53	11	0
49	151	0
23	87	0
3	307	0
36	12	0
18	376	0
54	128	0
0	196	0
48	126	0
5	182	0
15	48	0
27	29	0
54	305	0
21	285	0
60	259	0
0	206	0
35	104	0
65	281	1
25	152	0
64	233	0
36	234	0
60	324	0
60	270	0
66	221	0
40	324	0
58	93	0
33	179	0
32	373	0
62	317	1
28	373	0
28	84	0
16	241	1
0	281	0
14	180	0
29	122	0
44	373	0
48	102	0
40	231	0
33	153	0
32	176	0
61	339	0
11	27	0
24	377	0
31	165	0
19	188	0
35	142	0
40	46	0
40	69	0
35	181	0
55	51	0
19	25	0
21	309	0
49	236	0
59	215	0
30	255	0
57	110	0
11	373	0
11	373	0
23	188	1
56	91	0
60	251	0
45	322	0
33	59	0
53	179	0
15	151	0
23	227	0
63	261	0
24	29	0
15	297	0
57	300	0
51	121	0
66	136	0
49	228	0
13	280	0
49	171	0
17	169	0
20	9	0
34	260	0
2	277	0
17	10	0
7	24	0
5	272	0
61	289	0
1	204	0
46	350	0
17	330	0
30	81	0
61	348	0
12	159	0
16	276	1
51	49	0
50	137	0
53	376	0
46	244	0
31	373	0
26	252	0
53	376	0
51	373	0
6	241	0
36	177	0
62	366	0
62	180	0
22	135	0
63	196	0
2	216	0
64	115	0
67	62	0
22	272	0
25	165	0
22	241	1
19	193	0
13	348	0
13	115	0
64	132	0
29	259	0
17	176	0
20	371	0
64	353	0
50	334	0
41	136	0
50	163	1
10	246	0
41	283	0
50	6	0
56	193	0
30	249	0
34	25	0
48	313	0
40	133	0
29	375	0
23	376	0
3	281	0
1	163	0
36	169	0
32	347	0
9	321	0
27	373	0
11	38	0
39	323	0
52	189	0
52	373	0
51	351	0
2	232	0
54	60	0
60	277	0
59	4	0
64	242	0
66	175	0
43	20	0
30	373	0
5	349	0
13	252	0
41	320	0
32	308	0
17	281	0
0	334	0
59	48	0
49	211	0
11	273	0
27	244	0
52	373	0
37	371	0
19	39	0
23	224	0
31	338	0
1	200	0
57	237	0
36	146	0
11	57	0
32	42	0
30	32	0
9	190	0
31	198	0
60	74	0
60	33	0
18	38	1
50	370	0
12	101	0
37	107	0
29	110	0
15	25	0
13	281	0
34	142	0
11	376	0
14	357	0
61	93	0
47	202	0
20	145	0
24	271	0
46	169	0
20	262	0
4	299	0
41	178	0
44	37	0
21	253	0
15	133	0
12	330	0
23	244	0
4	217	0
10	4	0
16	130	0
1	225	0
67	63	0
23	272	0
43	241	1
41	33	0
17	357	0
60	237	0
22	91	1
19	9	0
63	165	0
56	348	0
46	153	0
23	376	0
14	304	0
8	373	0
12	281	0
35	200	0
38	338	0
52	61	0
21	27	0
15	270	0
4	373	0
41	97	0
35	92	0
24	90	0
45	37	0
56	281	0
59	22	0
33	180	0
26	80	0
51	181	0
2	180	0
65	218	0
4	86	0
58	290	0
15	310	0
52	72	0
29	57	0
18	251	0
26	6	0
65	215	0
1	229	0
46	241	0
23	319	0
52	364	0
38	102	0
20	224	0
14	157	0
66	143	0
61	137	0
18	91	0
22	149	1
20	41	0
21	373	1
3	161	0
54	136	0
65	302	0
28	281	0
14	102	0
31	12	0
18	150	0
3	268	0
6	376	0
14	263	0
59	115	0
11	65	0
40	92	0
59	373	0
31	123	0
28	252	0
20	292	0
48	241	0
1	296	0
67	138	0
13	33	0
48	202	0
5	348	0
59	200	0
66	353	0
29	44	0
36	223	0
45	219	0
67	273	0
28	245	0
26	304	0
48	49	0
4	197	0
30	274	1
49	169	0
37	288	0
59	352	0
12	31	0
60	184	0
35	83	0
31	314	0
54	281	0
48	281	1
38	181	0
57	205	0
43	83	0
44	123	0
41	46	0
3	19	0
8	194	0
40	357	0
44	24	0
56	230	0
5	183	0
67	221	0
8	256	0
33	8	0
66	251	0
42	206	0
40	354	0
58	179	0
67	224	0
17	282	0
48	292	0
65	362	0
19	314	0
15	20	0
39	306	0
59	241	0
30	371	0
29	22	0
4	365	0
2	131	0
54	125	0
33	216	0
46	314	0
49	244	0
62	25	1
55	281	0
16	234	0
55	241	0
55	64	0
59	281	0
22	38	1
24	325	0
39	243	0
37	185	0
23	247	0
33	310	0
26	274	1
41	119	0
54	167	0
59	232	0
61	220	0
20	82	0
6	219	0
13	325	0
5	238	0
16	108	0
29	120	0
33	376	0
10	376	0
26	26	0
13	284	0
11	238	0
51	188	0
57	330	1
36	131	0
66	375	0
23	137	0
33	277	0
19	241	0
18	245	1
11	110	0
4	290	0
3	264	0
10	168	0
58	328	0
62	349	0
39	263	0
55	206	0
24	368	0
36	12	0
32	263	0
30	40	0
20	312	0
21	252	0
61	274	0
67	56	0
53	241	0
63	281	0
8	279	0
26	220	0
22	140	0
2	205	0
53	282	0
42	349	0
54	376	0
33	15	0
11	134	0
60	373	0
63	251	0
29	143	0
43	302	0
43	90	0
54	175	0
10	317	0
35	274	1
29	8	0
34	335	0
1	257	0
63	271	0
45	303	1
67	24	0
0	145	0
51	274	0
39	145	0
33	374	0
24	302	0
66	373	0
63	251	0
45	190	0
25	287	0
32	366	0
27	376	0
14	281	0
35	218	0
39	32	0
6	209	0
27	250	0
46	371	0
0	251	0
67	171	0
35	375	0
39	208	0
55	62	0
18	24	0
51	290	0
8	75	1
30	151	0
12	311	0
13	298	0
58	226	0
50	247	0
21	373	0
28	112	0
52	263	0
31	232	0
9	219	0
57	47	0
3	285	0
45	376	0
9	75	0
61	373	0
53	176	0
65	356	0
67	261	0
20	14	0
27	324	0
34	230	0
13	373	0
4	37	0
40	218	0
26	190	0
41	256	0
39	89	0
6	201	0
12	124	0
21	199	0
5	191	0
32	91	0
36	241	0
35	205	0
5	112	0
41	377	0
6	377	0
40	24	0
54	76	0
41	293	0
4	14	0
20	274	0
47	47	0
15	241	1
3	261	0
17	54	0
62	373	1
49	281	0
35	331	0
11	40	0
46	274	0
32	237	0
59	121	0
45	6	0
57	322	0
9	78	0
7	271	0
19	339	0
11	35	0
67	208	0
32	146	0
1	269	0
26	94	0
35	329	0
53	43	0
43	293	0
66	125	0
43	368	0
14	34	0
52	26	0
62	106	0
21	373	0
34	241	0
34	241	0
65	275	0
53	84	0
46	263	0
66	107	0
67	195	0
22	373	0
45	154	0
44	73	0
15	52	0
66	102	0
16	31	0
55	156	0
56	307	0
41	213	0
12	281	0
60	111	0
28	14	0
55	200	0
48	142	0
58	270	0
59	331	0
17	295	0
40	327	0
19	242	0
53	281	0
4	241	0
26	121	0
67	303	0
9	55	0
35	170	0
27	211	0
2	257	0
9	19	0
6	13	0
26	233	0
57	278	0
12	211	0
62	10	0
58	76	0
3	98	0
39	100	0
21	375	0
22	312	0
8	27	0
65	169	0
66	154	0
44	373	0
57	29	0
59	261	0
40	142	0
38	124	0
58	167	1
63	64	0
45	373	0
65	29	0
15	35	0
48	300	0
9	257	0
17	377	0
23	246	0
63	294	0
67	259	0
26	264	0
32	150	0
5	294	0
65	213	0
31	39	0
34	8	0
40	228	0
51	329	0
40	269	0
10	373	0
4	109	0
41	199	0
58	355	0
66	306	0
59	308	0
30	263	0
29	358	0
33	353	0
49	338	0
5	376	0
54	13	0
52	124	0
25	119	0
28	373	0
43	202	0
54	109	0
32	217	0
7	131	0
48	39	0
22	345	0
47	206	0
0	373	0
64	2	0
67	252	0
10	149	0
1	188	0
48	243	0
5	227	0
56	281	0
13	181	0
52	38	0
37	339	0
34	175	0
25	344	0
46	286	0
24	291	0
10	373	0
49	293	0
30	67	0
17	316	0
23	373	1
26	75	0
40	170	0
64	246	0
6	245	0
62	253	0
1	361	0
18	254	0
30	200	0
57	99	0
64	373	0
47	330	0
31	137	0
60	120	0
42	262	0
39	373	0
18	163	0
31	169	0
27	154	0
34	224	0
2	326	0
12	326	0
21	234	1
48	173	0
9	270	0
42	376	0
9	343	0
39	348	0
15	341	0
10	186	0
44	234	0
3	47	0
61	288	0
22	145	0
15	373	0
4	273	0
25	146	0
48	259	0
28	158	0
0	376	0
6	88	0
43	60	0
54	271	0
11	188	0
46	323	0
5	121	0
35	358	0
41	281	0
0	258	0
4	3	0
12	262	0
48	205	0
44	97	0
9	284	0
46	79	0
36	112	0
51	229	0
27	377	0
6	25	0
61	38	0
49	305	0
33	197	0
41	243	0
20	373	0
38	107	0
67	205	0
18	373	0
65	41	0
58	373	1
30	281	0
57	58	0
12	102	0
39	82	0
30	276	0
0	274	0
45	309	0
3	208	0
42	15	0
0	373	0
35	304	0
50	21	0
38	67	0
54	312	0
54	284	0
57	241	1
51	334	0
5	154	0
7	294	0
50	134	1
15	50	0
47	178	0
55	373	0
65	125	1
59	39	0
22	205	1
20	376	0
29	188	0
35	274	1
3	90	0
23	71	1
3	291	0
34	105	0
67	276	0
60	271	0
38	121	0
67	358	0
46	82	0
55	274	0
61	169	0
64	194	0
30	100	0
10	259	0
19	311	0
48	194	0
25	177	0
10	19	0
44	378	0
9	97	0
49	139	0
40	281	0
59	42	0
32	276	0
34	212	0
36	228	0
18	325	0
32	278	0
33	92	0
29	294	0
10	292	0
38	367	0
13	0	0
58	177	0
45	113	0
1	99	0
18	373	0
20	204	0
1	121	0
60	37	0
16	18	1
24	27	0
65	70	0
18	75	0
66	278	0
60	231	0
36	298	0
31	234	0
40	111	0
61	376	0
63	155	0
9	124	0
8	272	0
55	200	0
15	157	0
42	265	0
1	62	0
13	210	0
39	302	0
36	46	0
47	263	0
46	193	0
6	99	0
59	301	0
54	289	0
51	28	0
40	364	0
4	78	0
31	86	0
4	373	0
63	281	0
49	150	0
3	207	0
63	41	0
1	189	0
26	331	0
11	320	0
20	138	0
37	225	0
67	71	0
16	281	0
15	218	0
32	98	0
62	107	0
43	232	0
62	261	0
46	373	0
4	348	0
24	171	0
59	63	0
55	138	0
3	107	0
2	312	0
49	0	0
23	279	0
45	274	0
2	264	0
48	333	0
31	265	0
8	134	0
57	118	0
7	241	1
66	253	1
2	59	0
52	362	0
0	332	0
27	298	0
12	115	0
18	53	0
41	281	0
54	274	0
42	244	0
45	137	0
12	357	0
48	46	0
66	281	0
19	200	0
21	318	1
58	87	0
23	328	0
37	77	0
2	336	0
14	315	0
6	274	0
45	109	0
62	24	0
37	274	0
66	203	0
56	281	0
11	278	0
35	371	0
31	11	0
26	281	0
32	89	0
4	292	0
59	274	1
44	270	0
7	213	0
7	207	1
29	218	0
31	285	0
45	259	0
50	47	0
20	362	0
25	12	0
26	64	0
41	378	0
14	352	0
44	325	0
59	136	0
41	281	0
19	376	0
1	132	0
52	100	0
34	271	0
8	320	0
20	213	0
7	301	0
30	55	0
44	54	0
14	127	0
13	37	0
39	358	0
65	66	0
65	281	1
14	145	0
3	145	0
65	245	0
42	365	0
10	208	0
0	274	0
12	87	0
61	296	0
49	315	0
10	63	0
7	281	0
15	373	0
61	114	0
21	211	0
48	54	0
53	311	0
35	238	0
52	130	0
39	376	0
44	246	0
41	108	0
61	73	0
33	42	0
62	187	1
45	195	0
30	43	0
45	169	0
1	184	0
65	360	0
5	133	0
17	376	0
7	27	0
4	189	0
30	95	0
55	173	0
41	190	0
12	322	0
8	258	0
20	12	0
14	274	0
38	114	0
33	67	0
0	181	0
5	97	0
5	347	0
28	240	0
46	237	0
21	310	0
65	251	0
40	326	1
20	377	0
30	105	1
39	80	0
22	246	0
30	269	0
35	158	0
34	135	0
49	213	0
56	221	0
10	27	0
43	240	0
16	182	1
0	237	0
26	281	0
28	6	0
16	181	0
43	168	0
44	248	0
36	351	0
47	373	0
49	232	0
8	5	0
67	75	0
35	147	0
42	320	0
57	315	0
5	26	0
45	99	0
35	203	0
6	74	0
2	288	0
32	332	0
19	367	0
43	81	0
48	368	0
66	16	0
51	373	0
11	12	0
29	83	0
55	8	0
54	238	1
0	169	0
6	323	0
22	376	0
9	351	0
36	9	0
1	352	0
49	303	0
66	356	0
35	260	0
1	118	0
64	96	0
4	287	0
65	274	0
53	161	0
47	373	0
42	109	0
64	285	0
6	30	0
43	321	0
18	59	0
60	199	0
62	184	0
0	200	0
51	233	0
64	59	0
65	183	0
54	208	0
58	269	0
45	106	1
13	375	0
29	276	0
11	236	0
62	82	0
39	107	0
26	133	0
54	342	0
63	195	0
35	72	0
20	47	0
47	376	0
9	298	0
61	45	0
46	158	0
64	101	0
65	281	1
17	359	0
33	132	0
64	19	0
41	174	0
17	311	0
41	365	0
28	274	0
51	140	0
50	80	0
47	320	0
30	297	0
35	66	0
43	274	0
60	84	0
29	232	0
19	55	0
64	93	0
0	222	0
12	284	0
15	235	0
22	235	0
35	231	0
1	92	0
22	38	1
52	358	0
16	223	0
28	175	0
31	94	0
61	149	0
0	186	0
55	57	0
59	306	0
45	131	0
0	141	0
20	252	0
20	140	0
29	298	0
60	180	0
50	363	1
47	204	0
28	249	0
37	104	0
36	96	0
50	373	1
29	303	0
45	254	0
52	162	0
36	97	0
45	145	0
52	318	0
14	241	0
59	376	0
27	286	0
55	224	0
47	133	0
63	359	0
32	16	0
60	377	0
0	265	0
65	216	0
40	255	0
58	376	0
26	241	0
13	252	0
9	373	0
29	283	0
41	22	0
45	335	0
64	170	0
66	264	0
49	252	0
12	145	0
60	16	0
2	130	0
3	281	0
2	358	0
56	89	0
61	332	0
19	366	0
24	376	0
34	264	0
61	304	0
22	289	0
53	189	0
41	273	0
28	314	0
67	50	0
11	164	0
25	239	0
23	376	0
50	25	0
54	373	0
12	314	0
12	185	0
34	48	0
17	97	0
5	200	0
19	113	0
25	373	0
48	373	0
25	225	0
18	281	0
59	334	0
49	274	0
4	349	0
58	134	1
43	45	0
48	375	0
63	252	0
7	377	0
50	234	0
66	225	0
33	68	0
65	267	0
9	240	0
18	110	0
31	259	0
2	173	0
27	147	0
49	8	0
65	292	0
1	256	0
35	236	0
21	137	0
31	312	0
39	262	0
9	246	0
60	274	1
18	140	1
41	232	0
8	373	0
21	283	1
47	2	0
45	302	0
35	152	0
17	263	0
34	18	0
60	139	0
56	254	0
21	359	1
11	330	1
65	128	0
33	273	0
60	32	0
14	281	0
11	281	0
49	267	0
58	259	0
33	235	0
18	64	1
8	349	0
21	200	0
11	100	0
6	34	0
46	154	0
34	2	0
53	19	0
48	35	0
51	46	0
4	378	0
2	223	0
61	178	0
7	103	0
5	40	0
38	209	0
20	55	0
56	318	0
15	193	0
50	252	0
17	376	0
48	377	0
44	184	1
50	49	1
60	86	0
55	60	0
66	338	0
20	373	0
27	89	0
50	338	0
46	195	0
32	104	0
43	281	0
37	376	0
29	203	0
26	70	0
50	107	0
30	23	0
3	182	0
60	196	1
58	85	0
58	193	1
0	278	0
26	194	0
2	281	0
1	2	0
13	84	0
24	62	0
51	377	0
18	115	0
49	281	0
1	114	0
36	302	0
23	376	0
32	100	0
43	281	0
64	13	0
41	298	0
23	180	0
54	275	0
48	127	0
45	205	0
67	218	0
50	13	0
57	200	0
11	300	0
66	318	0
37	221	0
51	310	1
62	169	0
62	365	1
18	135	0
46	310	0
22	373	0
59	300	0
36	303	0
8	373	0
48	42	0
39	67	0
24	96	0
22	204	1
5	169	0
33	95	0
57	153	1
20	343	0
6	75	0
28	332	0
65	256	0
44	85	0
3	299	0
61	358	0
11	274	0
59	150	0
53	156	0
60	217	0
61	152	0
7	66	0
51	230	0
31	247	1
11	89	0
12	51	0
46	96	0
11	74	0
26	111	0
27	109	0
1	320	0
15	171	0
36	327	0
17	44	0
62	311	0
10	277	0
35	216	0
67	369	0
48	267	0
8	55	0
49	349	0
2	43	0
58	182	0
26	204	0
63	247	0
34	241	0
65	110	0
16	176	0
39	373	0
63	13	0
37	274	0
15	373	0
19	259	0
24	91	0
35	11	0
4	160	0
38	324	0
48	48	0
11	281	0
56	328	0
0	358	0
35	63	0
4	145	0
35	226	0
38	228	0
27	75	0
4	314	0
31	98	0
19	156	0
63	22	0
28	123	0
22	274	0
47	164	0
6	358	0
20	230	0
30	281	0
62	195	0
50	373	1
2	245	0
36	137	0
0	152	0
31	125	0
45	78	0
58	256	0
24	158	0
23	152	0
59	30	0
53	253	0
41	342	0
34	200	0
56	164	0
59	156	0
8	179	0
30	305	0
31	299	0
8	222	0
58	273	0
37	73	0
47	98	0
47	324	0
64	127	0
22	201	1
4	33	0
15	63	0
15	364	0
54	14	0
5	50	0
8	296	0
11	218	0
56	79	0
8	376	0
44	98	0
37	31	0
62	158	0
31	305	0
16	191	0
39	66	0
31	200	0
24	104	0
29	163	0
46	196	0
58	33	0
25	121	0
40	281	0
23	306	0
44	376	0
58	274	0
39	370	0
24	207	0
36	314	0
65	134	0
4	229	0
60	207	0
59	5	0
24	154	0
38	281	0
33	326	0
34	274	0
56	257	0
50	349	0
5	299	0
44	97	0
19	200	0
62	369	0
31	170	0
67	283	0
43	42	0
2	241	0
25	247	0
67	238	0
13	231	0
14	42	0
58	373	1
54	75	1
2	240	0
25	248	0
37	57	0
24	147	0
48	274	0
8	113	0
19	362	0
44	274	0
32	69	0
43	139	0
14	234	0
2	109	0
37	212	0
53	333	0
54	241	0
29	31	0
38	123	0
19	315	0
65	294	0
39	314	0
54	194	0
18	234	0
56	180	0
24	200	0
67	59	0
16	373	0
10	375	0
43	221	0
0	283	0
31	252	0
46	339	0
12	63	0
0	215	0
31	207	0
61	95	0
58	281	0
26	265	0
12	18	0
21	51	1
5	16	0
50	102	0
46	128	0
23	353	0
20	299	0
20	99	0
28	159	0
3	375	0
10	101	0
20	319	0
32	183	0
37	273	0
3	121	0
19	121	0
7	281	0
66	361	0
17	27	0
35	71	0
54	261	0
57	362	0
23	175	0
38	51	0
66	20	0
29	177	0
36	310	0
21	345	0
12	274	0
34	16	0
39	325	0
49	93	0
55	280	0
20	322	0
22	347	1
42	37	0
56	128	0
61	283	0
11	117	0
36	376	0
59	332	0
12	38	1
61	99	0
40	256	0
37	26	0
58	55	0
6	193	0
59	49	0
35	163	0
31	160	0
11	25	0
0	264	0
8	201	0
46	377	0
28	178	0
35	193	0
8	376	0
17	60	0
22	322	0
50	289	0
1	113	0
48	187	0
18	153	0
0	302	0
46	86	0
60	76	0
32	285	0
65	358	0
23	288	0
10	24	0
0	254	0
45	241	1
12	331	0
48	228	0
64	54	0
5	243	0
23	113	0
11	322	0
46	285	0
64	259	0
35	198	0
9	226	0
26	234	0
11	297	0
55	259	0
37	45	0
23	178	0
13	189	0
24	274	1
59	304	0
16	200	0
1	241	0
13	346	0
63	126	0
22	184	0
30	124	0
28	291	0
61	373	0
3	259	0
39	282	0
18	38	1
42	274	1
37	115	0
1	8	0
10	89	0
50	318	0
35	39	0
12	232	0
41	75	0
44	376	0
24	175	0
14	269	0
63	120	0
37	373	0
7	1	0
12	282	0
22	252	1
33	112	0
0	233	0
10	312	0
58	313	0
0	53	0
37	280	0
19	255	0
49	35	0
27	212	0
47	281	0
29	240	0
47	5	0
33	151	0
61	376	0
64	208	0
31	195	1
15	180	0
18	286	0
23	216	0
54	58	0
43	49	0
34	57	0
20	200	0
46	40	0
46	319	0
30	338	0
0	60	0
15	314	0
39	178	0
37	113	0
32	220	0
29	26	0
12	84	0
31	216	1
31	276	1
31	275	1
31	50	1
31	369	1
31	328	1
31	185	1
12	189	1
12	241	1
12	241	1
12	241	1
12	241	1
12	241	1
12	241	1
12	274	1
12	274	1
12	274	1
12	194	1
12	1	1
12	38	1
12	38	1
12	38	1
45	373	1
45	373	1
45	373	1
45	373	1
45	373	1
45	373	1
45	373	1
45	373	1
45	373	1
45	373	1
45	223	1
45	40	1
45	107	1
45	120	1
45	135	1
45	204	1
45	189	1
45	188	1
45	196	1
45	49	1
45	241	1
45	241	1
45	241	1
45	241	1
45	317	1
45	52	1
45	63	1
45	341	1
45	274	1
45	274	1
45	274	1
45	274	1
45	378	1
45	47	1
45	14	1
45	366	1
45	364	1
45	315	1
45	332	1
45	206	1
45	194	1
45	165	1
45	83	1
45	38	1
45	38	1
45	38	1
45	337	1
45	257	1
45	277	1
45	2	1
45	329	1
8	4	1
8	223	1
8	75	1
8	40	1
8	204	1
8	307	1
8	310	1
8	237	1
8	100	1
8	375	1
8	83	1
48	281	1
48	281	1
48	281	1
48	281	1
48	281	1
48	281	1
48	281	1
48	281	1
48	281	1
48	281	1
48	209	1
54	75	1
54	40	1
54	39	1
54	204	1
54	237	1
59	373	1
59	373	1
59	373	1
59	53	1
59	333	1
59	189	1
59	274	1
59	274	1
59	274	1
59	194	1
59	267	1
40	285	1
40	130	1
40	138	1
40	169	1
43	274	1
43	229	1
58	373	1
58	373	1
58	373	1
58	373	1
58	373	1
58	373	1
58	373	1
58	373	1
58	373	1
58	362	1
58	181	1
58	281	1
58	281	1
58	281	1
58	281	1
58	30	1
58	0	1
58	271	1
58	209	1
58	317	1
58	316	1
58	176	1
58	105	1
58	163	1
58	25	1
58	378	1
58	42	1
58	236	1
58	47	1
58	248	1
58	229	1
58	170	1
58	363	1
58	303	1
58	178	1
58	264	1
58	330	1
36	274	1
36	274	1
36	194	1
36	178	1
36	267	1
10	373	1
10	281	1
10	281	1
10	281	1
10	281	1
10	281	1
10	281	1
10	281	1
10	281	1
10	281	1
10	281	1
10	209	1
35	189	1
35	188	1
35	377	1
35	368	1
35	266	1
35	274	1
35	1	1
35	38	1
35	38	1
35	178	1
35	267	1
17	373	1
17	373	1
17	161	1
17	81	1
17	168	1
17	187	1
17	200	1
17	200	1
17	129	1
17	208	1
17	303	1
23	373	1
23	373	1
23	373	1
23	373	1
23	373	1
23	373	1
23	373	1
23	373	1
23	373	1
23	181	1
23	103	1
23	15	1
23	196	1
23	147	1
23	86	1
23	30	1
23	49	1
23	41	1
23	43	1
23	54	1
23	134	1
23	271	1
23	166	1
23	317	1
23	316	1
23	176	1
23	274	1
23	274	1
23	274	1
23	274	1
23	274	1
23	274	1
23	320	1
23	194	1
23	242	1
23	193	1
23	139	1
23	232	1
23	264	1
23	186	1
23	197	1
23	164	1
37	188	1
37	296	1
37	320	1
37	332	1
37	370	1
37	2	1
11	241	1
11	241	1
11	241	1
11	241	1
11	274	1
11	274	1
11	170	1
11	311	1
11	38	1
51	50	1
51	369	1
51	224	1
64	281	1
64	281	1
64	281	1
64	281	1
64	281	1
64	281	1
64	281	1
64	281	1
64	303	1
64	330	1
62	373	1
62	373	1
62	373	1
62	362	1
62	333	1
62	81	1
62	40	1
62	189	1
62	196	1
62	147	1
62	131	1
62	86	1
62	30	1
62	0	1
62	260	1
62	360	1
62	49	1
62	134	1
62	71	1
62	368	1
62	241	1
62	241	1
62	241	1
62	241	1
62	241	1
62	241	1
62	176	1
62	341	1
62	274	1
62	274	1
62	274	1
62	274	1
62	274	1
62	274	1
62	378	1
62	48	1
62	111	1
62	212	1
62	229	1
62	200	1
62	129	1
62	194	1
62	1	1
62	66	1
62	312	1
62	38	1
62	38	1
62	38	1
62	38	1
62	233	1
62	208	1
62	193	1
62	139	1
62	225	1
62	336	1
62	330	1
4	12	1
44	298	1
44	231	1
44	299	1
44	156	1
44	155	1
44	356	1
44	328	1
44	319	1
44	185	1
44	110	1
61	281	1
61	281	1
61	281	1
61	281	1
61	281	1
61	281	1
61	281	1
61	281	1
61	316	1
26	373	1
26	373	1
26	373	1
26	362	1
26	189	1
26	188	1
26	196	1
26	274	1
26	274	1
26	274	1
26	1	1
56	24	1
56	21	1
56	81	1
56	78	1
56	189	1
56	241	1
56	241	1
56	241	1
56	182	1
56	51	1
56	274	1
56	274	1
56	274	1
56	274	1
56	274	1
56	194	1
56	1	1
56	38	1
56	38	1
56	38	1
56	38	1
56	177	1
56	337	1
7	373	1
7	373	1
7	373	1
7	373	1
7	198	1
7	241	1
7	241	1
7	241	1
7	274	1
7	274	1
7	25	1
7	42	1
7	170	1
7	311	1
7	70	1
7	303	1
7	59	1
7	330	1
65	281	1
65	281	1
65	281	1
65	281	1
22	282	1
22	114	1
22	101	1
22	333	1
22	207	1
22	327	1
22	355	1
22	74	1
22	68	1
22	76	1
22	117	1
22	326	1
22	275	1
22	198	1
22	323	1
22	195	1
22	228	1
22	281	1
22	85	1
22	173	1
22	241	1
22	241	1
22	241	1
22	241	1
22	241	1
22	266	1
22	316	1
22	94	1
22	359	1
22	144	1
22	268	1
22	28	1
22	31	1
22	234	1
22	270	1
22	182	1
22	324	1
22	274	1
22	274	1
22	280	1
22	25	1
22	60	1
22	89	1
22	42	1
22	325	1
22	297	1
22	248	1
22	212	1
22	13	1
22	229	1
22	170	1
22	364	1
22	311	1
22	374	1
22	112	1
22	141	1
22	152	1
22	142	1
22	172	1
22	218	1
22	156	1
22	155	1
22	100	1
22	56	1
22	165	1
22	353	1
22	350	1
22	221	1
22	331	1
22	61	1
22	70	1
22	291	1
22	69	1
22	290	1
22	185	1
22	98	1
22	116	1
22	208	1
22	265	1
22	363	1
22	150	1
22	177	1
22	18	1
22	337	1
22	269	1
22	59	1
22	264	1
22	336	1
22	148	1
22	244	1
32	368	1
32	241	1
32	241	1
32	241	1
32	241	1
32	241	1
32	266	1
32	274	1
32	274	1
32	274	1
32	273	1
32	267	1
28	347	1
3	101	1
3	333	1
3	323	1
25	373	1
25	373	1
25	373	1
25	373	1
25	189	1
25	196	1
25	274	1
25	274	1
25	194	1
25	1	1
20	74	1
20	281	1
20	241	1
20	241	1
20	241	1
20	241	1
20	241	1
20	241	1
20	274	1
20	374	1
20	141	1
20	58	1
20	61	1
20	38	1
20	269	1
19	274	1
19	274	1
19	274	1
19	274	1
19	38	1
19	38	1
19	267	1
19	329	1
46	281	1
46	281	1
46	281	1
46	281	1
46	281	1
46	281	1
46	281	1
46	281	1
46	281	1
46	125	1
46	271	1
46	209	1
46	25	1
46	111	1
46	248	1
46	212	1
46	170	1
46	102	1
46	37	1
46	36	1
24	373	1
24	373	1
24	373	1
24	373	1
24	373	1
24	373	1
24	373	1
24	362	1
24	274	1
24	329	1
50	373	1
50	373	1
50	373	1
50	373	1
50	373	1
50	373	1
50	373	1
50	373	1
50	160	1
50	348	1
50	181	1
50	220	1
50	12	1
50	12	1
50	189	1
50	188	1
50	196	1
50	147	1
50	86	1
50	30	1
50	0	1
50	43	1
50	71	1
50	368	1
50	317	1
50	167	1
50	29	1
50	176	1
50	274	1
50	274	1
50	274	1
50	378	1
50	194	1
50	1	1
50	118	1
50	233	1
50	361	1
50	193	1
50	264	1
29	200	1
29	200	1
29	200	1
9	335	1
9	376	1
9	376	1
9	376	1
9	376	1
9	376	1
9	376	1
9	376	1
9	253	1
9	127	1
41	229	1
41	165	1
41	139	1
14	160	1
14	348	1
14	351	1
14	220	1
14	327	1
14	182	1
14	229	1
14	215	1
14	38	1
27	189	1
27	368	1
27	266	1
27	274	1
27	274	1
27	274	1
27	274	1
27	267	1
66	376	1
66	376	1
66	376	1
66	376	1
66	376	1
66	376	1
66	376	1
66	376	1
66	84	1
18	181	1
18	339	1
18	188	1
18	323	1
18	368	1
18	241	1
18	241	1
18	241	1
18	241	1
18	241	1
18	266	1
18	29	1
18	268	1
18	28	1
18	31	1
18	182	1
18	274	1
18	274	1
18	274	1
18	274	1
18	274	1
18	274	1
18	60	1
18	378	1
18	374	1
18	112	1
18	34	1
18	92	1
18	138	1
18	312	1
18	38	1
18	38	1
18	208	1
18	177	1
18	222	1
18	154	1
18	33	1
6	270	1
6	51	1
67	316	1
67	313	1
67	320	1
67	233	1
52	200	1
52	200	1
52	200	1
13	307	1
13	100	1
13	206	1
30	207	1
30	189	1
30	198	1
30	368	1
30	241	1
30	241	1
30	241	1
30	28	1
30	274	1
30	274	1
30	274	1
30	274	1
30	38	1
30	267	1
60	189	1
60	188	1
60	241	1
60	241	1
60	241	1
60	341	1
60	274	1
60	274	1
60	274	1
60	274	1
60	38	1
60	38	1
60	329	1
21	205	1
21	373	1
21	373	1
21	373	1
21	373	1
21	373	1
21	298	1
21	282	1
21	101	1
21	53	1
21	81	1
21	207	1
21	327	1
21	355	1
21	214	1
21	55	1
21	77	1
21	68	1
21	76	1
21	117	1
21	326	1
21	17	1
21	75	1
21	247	1
21	189	1
21	357	1
21	339	1
21	179	1
21	286	1
21	198	1
21	79	1
21	281	1
21	281	1
21	86	1
21	173	1
21	166	1
21	241	1
21	241	1
21	241	1
21	241	1
21	241	1
21	241	1
21	241	1
21	316	1
21	29	1
21	94	1
21	176	1
21	105	1
21	144	1
21	268	1
21	31	1
21	235	1
21	274	1
21	274	1
21	274	1
21	274	1
21	25	1
21	89	1
21	236	1
21	292	1
21	325	1
21	342	1
21	248	1
21	212	1
21	151	1
21	229	1
21	321	1
21	187	1
21	170	1
21	364	1
21	374	1
21	152	1
21	142	1
21	172	1
21	295	1
21	294	1
21	156	1
21	159	1
21	100	1
21	194	1
21	1	1
21	56	1
21	165	1
21	353	1
21	350	1
21	246	1
21	227	1
21	221	1
21	183	1
21	58	1
21	61	1
21	70	1
21	258	1
21	319	1
21	291	1
21	290	1
21	185	1
21	110	1
21	242	1
21	38	1
21	38	1
21	38	1
21	340	1
21	119	1
21	97	1
21	224	1
21	343	1
21	145	1
21	265	1
21	361	1
21	303	1
21	150	1
21	143	1
21	240	1
21	269	1
21	230	1
21	59	1
21	264	1
21	225	1
21	336	1
21	87	1
21	140	1
21	154	1
21	162	1
21	330	1
42	81	1
42	207	1
42	322	1
42	275	1
42	133	1
42	132	1
42	339	1
42	368	1
42	241	1
42	241	1
42	241	1
42	105	1
42	28	1
42	235	1
42	274	1
42	274	1
42	274	1
42	25	1
42	187	1
42	311	1
42	218	1
42	194	1
42	1	1
42	353	1
42	350	1
42	38	1
42	113	1
42	97	1
42	18	1
42	59	1
42	140	1
42	154	1
42	267	1
42	330	1
16	373	1
16	373	1
16	373	1
16	81	1
16	15	1
16	304	1
16	67	1
16	179	1
16	281	1
16	199	1
16	173	1
16	174	1
16	241	1
16	241	1
16	241	1
16	241	1
16	241	1
16	317	1
16	316	1
16	211	1
16	73	1
16	80	1
16	274	1
16	60	1
16	168	1
16	342	1
16	334	1
16	187	1
16	294	1
16	353	1
16	350	1
16	285	1
16	70	1
16	312	1
16	208	1
16	250	1
16	343	1
16	303	1
16	150	1
16	370	1
16	222	1
16	264	1
16	87	1
16	140	1
16	154	1
16	33	1
16	175	1
16	164	1
1	335	1
1	82	1
1	127	1
1	202	1
38	158	1
38	339	1
38	179	1
38	241	1
38	241	1
38	241	1
38	241	1
38	241	1
38	241	1
38	316	1
38	270	1
38	182	1
38	252	1
38	330	1
15	241	1
15	241	1
15	241	1
15	274	1
15	274	1
15	274	1
15	274	1
15	194	1
39	179	1
39	182	1
39	252	1
33	373	1
33	373	1
33	373	1
33	373	1
33	373	1
33	373	1
33	373	1
33	373	1
33	101	1
33	53	1
33	333	1
33	188	1
33	71	1
33	241	1
33	241	1
33	241	1
33	241	1
33	70	1
33	38	1
33	38	1
33	38	1
33	38	1
33	263	1
55	373	1
55	373	1
55	373	1
55	373	1
55	373	1
55	373	1
55	373	1
55	373	1
55	188	1
55	281	1
55	281	1
55	281	1
55	281	1
55	281	1
55	281	1
55	281	1
55	281	1
55	233	1
57	373	1
57	373	1
57	81	1
57	207	1
57	276	1
57	275	1
57	188	1
57	241	1
57	241	1
57	241	1
57	241	1
57	241	1
57	126	1
57	80	1
57	270	1
57	182	1
57	274	1
57	274	1
57	274	1
57	163	1
57	89	1
57	248	1
57	229	1
57	187	1
57	152	1
57	100	1
57	194	1
57	1	1
57	331	1
57	356	1
57	302	1
57	9	1
57	38	1
57	38	1
57	108	1
57	150	1
57	293	1
57	177	1
57	337	1
57	336	1
57	148	1
2	368	1
2	274	1
2	274	1
2	1	1
42	51	0
62	218	0
36	41	0
52	353	0
19	281	0
35	113	0
35	253	0
0	296	0
29	274	0
32	359	0
59	313	0
46	376	0
36	114	0
57	68	0
57	169	0
24	4	0
51	241	0
51	127	0
46	106	0
45	158	0
23	112	0
53	54	0
8	181	0
32	161	0
2	262	0
20	370	0
38	92	0
47	37	0
48	344	0
14	78	0
62	353	0
40	322	0
59	250	0
15	264	0
7	275	0
34	317	0
9	116	0
47	339	0
49	366	0
34	320	0
54	373	0
39	83	0
35	373	0
40	149	0
3	61	0
62	310	0
11	159	0
12	199	0
46	278	0
45	140	0
34	315	0
55	270	0
28	195	0
61	207	0
48	60	0
19	281	0
19	334	0
64	49	0
30	219	0
2	353	0
29	295	0
3	336	0
52	340	0
26	103	0
51	133	0
34	184	0
65	241	0
41	376	0
43	338	0
22	277	0
3	112	0
59	80	0
9	362	0
7	41	0
24	200	0
42	352	0
47	105	0
4	246	0
41	172	0
18	205	0
40	241	0
14	256	0
31	373	0
52	75	0
27	35	0
29	15	0
9	147	0
39	204	0
48	310	0
13	241	0
31	281	0
58	187	0
20	7	0
13	281	0
60	340	0
20	157	0
59	128	0
9	279	0
39	146	0
35	116	0
22	19	0
34	159	0
13	358	0
47	234	0
62	128	0
52	375	0
15	31	0
35	274	0
0	76	0
3	319	0
25	376	0
3	376	0
47	161	0
32	373	0
57	251	0
14	9	0
50	281	0
42	281	0
25	79	0
45	281	0
20	116	0
38	313	0
35	179	0
40	196	0
29	274	0
55	295	0
19	128	0
0	122	0
43	288	0
10	368	0
14	38	0
23	321	0
42	373	0
47	281	0
26	47	0
13	274	0
37	365	0
58	260	0
25	118	0
42	376	0
5	174	0
53	27	0
56	261	0
31	243	0
28	280	0
28	328	0
15	55	0
42	166	0
64	146	0
41	171	0
31	218	0
0	200	0
40	74	0
60	94	0
48	330	0
37	92	0
24	208	0
18	373	0
38	85	0
6	179	0
62	149	0
58	318	0
10	142	0
50	72	0
34	353	0
53	211	0
54	313	0
28	281	0
27	115	0
66	153	0
66	301	0
4	308	0
34	253	0
67	302	0
21	91	0
36	287	0
59	87	0
21	223	0
7	218	0
56	312	0
25	373	0
58	251	0
45	349	0
52	63	0
53	229	0
22	292	0
64	241	0
50	223	0
12	152	0
40	376	0
33	173	0
22	163	0
11	62	0
5	255	0
2	90	0
6	251	0
47	277	0
34	183	0
48	247	0
29	359	0
7	239	0
9	269	0
31	127	0
27	351	0
40	68	0
39	274	0
53	61	0
59	346	0
3	340	0
36	202	0
5	274	0
24	270	0
56	229	0
7	273	0
39	274	0
52	342	0
16	38	0
60	46	0
18	65	0
24	358	0
56	376	0
34	250	0
44	308	0
12	40	0
62	301	0
33	316	0
12	324	0
40	5	0
23	281	0
22	258	0
31	274	0
46	150	0
14	212	0
54	255	0
43	12	0
39	354	0
30	205	0
8	167	0
44	258	0
24	67	0
55	249	0
50	35	0
64	41	0
63	132	0
15	290	0
64	109	0
42	42	0
24	212	0
53	159	0
18	223	0
36	373	0
23	154	0
7	71	0
34	10	0
58	223	0
20	188	0
65	340	0
47	7	0
46	41	0
7	249	0
16	281	0
33	317	0
9	274	0
55	291	0
20	126	0
25	270	0
62	191	0
23	116	0
40	57	0
19	285	0
41	373	0
26	200	0
47	225	0
1	150	0
1	174	0
40	314	0
54	121	0
12	259	0
50	161	0
13	218	0
9	42	0
61	201	0
53	292	0
10	38	0
28	265	0
57	320	0
52	350	0
47	281	0
16	96	0
52	228	0
62	185	0
37	241	0
48	53	0
53	32	0
0	89	0
58	126	0
22	274	0
23	33	0
60	152	0
33	252	0
41	373	0
58	38	0
14	57	0
10	340	0
17	365	0
24	261	0
65	168	0
28	132	0
14	154	0
29	106	0
18	324	0
36	329	0
40	260	0
38	229	0
22	93	0
57	103	0
67	281	0
10	165	0
6	60	0
54	94	0
44	84	0
35	16	0
65	75	0
22	377	0
44	116	0
28	281	0
58	217	0
53	335	0
3	321	0
0	171	0
19	241	0
13	350	0
62	162	0
1	274	0
42	360	0
43	328	0
44	50	0
2	323	0
19	211	0
63	27	0
15	376	0
38	50	0
47	1	0
4	228	0
54	267	0
64	339	0
3	373	0
6	288	0
10	115	0
33	96	0
41	110	0
52	232	0
12	70	0
48	45	0
55	324	0
37	12	0
60	61	0
42	76	0
8	321	0
25	281	0
45	156	0
32	76	0
12	376	0
12	108	0
49	59	0
44	289	0
62	242	0
60	373	0
16	322	0
41	313	0
60	204	0
12	30	0
42	318	0
32	334	0
55	151	0
63	335	0
29	241	0
1	130	0
33	323	0
20	274	0
13	277	0
36	266	0
27	318	0
20	40	0
53	261	0
47	252	0
43	258	0
48	373	0
13	193	0
44	295	0
14	185	0
42	111	0
22	366	0
62	4	0
46	282	0
36	60	0
49	281	0
14	230	0
8	317	0
15	240	0
7	91	0
18	81	0
40	281	0
10	128	0
25	122	0
11	352	0
23	270	0
15	302	0
39	144	0
45	372	0
56	62	0
63	309	0
29	150	0
40	20	0
17	37	0
25	186	0
6	139	0
14	241	0
41	184	0
2	271	0
7	357	0
38	281	0
25	327	0
65	87	0
4	278	0
64	312	0
36	305	0
10	240	0
49	342	0
66	109	0
39	151	0
57	8	0
29	69	0
38	274	0
54	187	0
5	99	0
57	227	0
51	319	0
15	217	0
7	82	0
53	241	0
35	208	0
57	94	0
65	21	0
24	256	0
3	263	0
13	241	0
59	98	0
43	98	0
0	241	0
38	28	0
28	336	0
26	291	0
8	178	0
60	169	0
34	94	0
11	341	0
37	150	0
17	49	0
17	241	0
55	302	0
27	215	0
29	174	0
46	376	0
67	97	0
33	120	0
7	199	0
48	145	0
9	373	0
33	214	0
18	227	0
35	373	0
6	44	0
18	192	0
44	340	0
25	181	0
17	38	0
12	373	0
48	221	0
47	264	0
6	272	0
57	353	0
9	368	0
6	149	0
13	70	0
7	229	0
21	297	0
42	332	0
43	107	0
55	118	0
7	128	0
53	259	0
43	201	0
28	111	0
35	359	0
2	229	0
55	19	0
9	159	0
31	373	0
66	101	0
18	288	0
37	200	0
43	334	0
59	349	0
0	328	0
24	275	0
49	346	0
12	367	0
23	146	0
22	376	0
40	207	0
25	155	0
7	281	0
63	226	0
38	8	0
21	206	0
49	222	0
64	342	0
41	233	0
56	315	0
58	295	0
50	97	0
10	256	0
16	167	0
32	371	0
53	36	0
66	94	0
6	372	0
11	325	0
8	214	0
65	34	0
8	346	0
27	315	0
64	51	0
6	373	0
53	328	0
7	138	0
2	14	0
11	63	0
26	224	0
0	373	0
4	133	0
24	369	0
24	257	0
53	63	0
50	377	0
25	238	0
53	66	0
44	175	0
64	251	0
59	202	0
26	97	0
44	373	0
0	350	0
36	208	0
7	348	0
30	119	0
11	76	0
33	160	0
55	91	0
37	135	0
62	281	0
6	341	0
13	160	0
30	377	0
66	180	0
54	80	0
15	327	0
52	24	0
45	59	0
67	150	0
23	243	0
16	336	0
3	360	0
33	128	0
12	348	0
36	281	0
33	51	0
51	331	0
51	350	0
45	181	0
49	289	0
43	92	0
40	276	0
5	241	0
28	220	0
6	55	0
26	93	0
19	84	0
35	14	0
51	312	0
66	244	0
30	223	0
9	79	0
15	80	0
32	154	0
18	330	0
18	369	0
16	106	0
22	237	0
12	68	0
46	57	0
37	355	0
17	194	0
59	345	0
22	4	0
6	294	0
14	25	0
29	281	0
62	224	0
4	24	0
6	241	0
41	43	0
65	223	0
8	373	0
47	245	0
36	376	0
5	373	0
66	213	0
6	293	0
30	300	0
61	75	0
5	47	0
52	75	0
0	124	0
18	21	0
28	119	0
34	117	0
61	340	0
23	342	0
37	277	0
38	351	0
0	5	0
0	376	0
32	268	0
47	109	0
26	125	0
54	149	0
33	1	0
33	72	0
66	100	0
35	350	0
54	339	0
55	124	0
67	281	0
47	374	0
11	21	0
40	189	0
37	287	0
66	311	0
24	182	0
19	201	0
21	315	0
37	201	0
4	198	0
2	104	0
56	12	0
18	296	0
62	90	0
26	31	0
43	275	0
33	238	0
44	131	0
32	192	0
35	73	0
6	134	0
61	63	0
67	191	0
10	243	0
42	149	0
17	207	0
3	97	0
49	52	0
0	369	0
22	122	0
8	357	0
64	108	0
17	220	0
4	75	0
19	276	0
4	2	0
61	104	0
38	74	0
60	225	0
6	338	0
1	321	0
9	77	0
10	288	0
41	211	0
46	240	0
55	133	0
60	211	0
52	284	0
53	373	0
12	81	0
66	138	0
23	77	0
9	7	0
12	202	0
60	306	0
54	299	0
63	249	0
1	167	0
22	373	0
8	373	0
16	198	0
35	326	0
45	240	0
67	2	0
30	364	0
0	373	0
6	68	0
60	145	0
23	205	0
28	331	0
56	343	0
1	376	0
56	293	0
12	212	0
13	156	0
27	291	0
47	186	0
6	97	0
48	200	0
25	216	0
40	176	0
26	280	0
2	310	0
49	58	0
51	373	0
28	293	0
4	225	0
51	203	0
51	27	0
18	357	0
3	142	0
57	10	0
33	241	0
67	157	0
12	238	0
19	273	0
60	93	0
22	129	0
59	290	0
29	341	0
25	172	0
42	112	0
52	169	0
12	88	0
6	218	0
66	283	0
13	263	0
52	150	0
15	198	0
4	47	0
43	208	0
7	267	0
47	147	0
51	97	0
24	148	0
22	107	0
63	373	0
45	133	0
7	47	0
39	17	0
7	33	0
48	274	0
43	9	0
43	247	0
44	296	0
6	40	0
41	72	0
59	242	0
43	141	0
35	18	0
62	376	0
56	119	0
62	219	0
51	335	0
64	113	0
54	184	0
52	274	0
39	195	0
35	21	0
14	125	0
29	373	0
30	246	0
6	260	0
67	86	0
9	328	0
30	339	0
59	224	0
60	118	0
57	131	0
56	339	0
54	50	0
11	191	0
50	294	0
53	316	0
57	169	0
42	250	0
37	38	0
56	239	0
38	315	0
23	204	0
2	363	0
56	258	0
62	281	0
0	131	0
53	231	0
39	261	0
12	59	0
59	206	0
34	214	0
20	308	0
15	355	0
32	281	0
2	196	0
7	314	0
11	216	0
42	331	0
40	229	0
8	241	0
63	176	0
24	281	0
67	169	0
67	168	0
59	103	0
45	95	0
10	145	0
21	255	0
56	289	0
23	149	0
53	362	0
41	101	0
55	364	0
47	358	0
40	224	0
6	69	0
42	376	0
65	61	0
17	91	0
16	221	0
22	321	0
7	87	0
36	57	0
21	46	0
58	369	0
26	376	0
33	177	0
29	197	0
44	238	0
15	71	0
52	175	0
3	33	0
26	2	0
5	346	0
32	135	0
11	171	0
18	94	0
19	107	0
54	104	0
1	376	0
8	208	0
46	101	0
62	177	0
28	91	0
63	374	0
19	195	0
38	97	0
27	304	0
51	213	0
36	113	0
39	124	0
63	274	0
43	38	0
1	157	0
44	332	0
0	270	0
22	373	0
39	248	0
42	253	0
65	316	0
18	129	0
5	296	0
55	320	0
11	105	0
46	373	0
52	169	0
59	294	0
66	146	0
63	190	0
53	222	0
62	14	0
48	328	0
19	257	0
49	247	0
13	163	0
21	259	0
42	254	0
56	200	0
19	271	0
38	140	0
50	68	0
37	289	0
40	274	0
1	74	0
18	176	0
25	337	0
13	15	0
37	251	0
23	179	0
3	272	0
40	120	0
52	281	0
37	278	0
54	166	0
12	267	0
65	165	0
38	373	0
35	317	0
14	121	0
44	351	0
42	146	0
58	146	0
46	16	0
62	72	0
47	229	0
43	372	0
16	298	0
56	61	0
40	97	0
45	297	0
35	32	0
25	168	0
65	317	0
12	373	0
32	132	0
31	167	0
24	220	0
23	281	0
29	123	0
26	290	0
33	26	0
37	315	0
20	0	0
6	90	0
44	182	0
4	170	0
23	9	0
30	164	0
65	274	0
29	165	0
57	13	0
28	281	0
58	258	0
56	165	0
20	368	0
56	251	0
66	224	0
44	112	0
51	92	0
44	337	0
32	328	0
56	76	0
3	57	0
42	171	0
13	285	0
7	306	0
21	376	0
44	376	0
45	82	0
20	257	0
34	86	0
52	96	0
10	372	0
18	277	0
2	169	0
5	161	0
6	120	0
63	236	0
64	103	0
7	376	0
53	265	0
14	187	0
63	285	0
2	191	0
31	117	0
61	69	0
8	121	0
62	18	0
39	280	0
40	54	0
3	117	0
15	70	0
2	269	0
29	178	0
27	270	0
54	97	0
24	137	0
49	79	0
48	231	0
32	86	0
5	207	0
24	70	0
22	278	0
18	178	0
6	38	0
64	350	0
33	281	0
64	183	0
36	280	0
31	373	0
19	30	0
47	49	0
41	69	0
37	276	0
66	13	0
10	123	0
59	58	0
26	278	0
66	257	0
43	151	0
16	367	0
13	157	0
5	247	0
2	234	0
29	142	0
58	67	0
16	193	0
4	208	0
1	20	0
17	356	0
13	83	0
56	22	0
21	93	0
47	315	0
61	317	0
60	221	0
34	206	0
55	373	0
67	189	0
42	279	0
11	344	0
15	376	0
22	225	1
66	37	0
24	288	0
42	373	0
29	281	0
66	72	0
38	196	0
4	284	0
17	120	0
61	263	0
7	165	0
30	225	0
2	154	0
16	224	1
62	88	0
40	127	0
56	363	0
23	331	0
53	52	0
17	152	0
58	283	0
31	19	0
63	169	0
15	150	0
19	288	0
47	221	1
15	359	0
50	140	0
43	287	0
63	240	0
56	300	0
49	33	0
28	241	0
40	281	0
39	312	0
17	226	0
64	169	0
20	286	0
10	203	0
35	204	0
12	29	0
31	317	0
2	376	0
42	257	0
41	373	0
19	27	0
23	201	0
27	233	0
19	320	0
14	52	0
24	216	0
54	41	0
64	304	0
6	365	0
28	274	0
5	43	0
15	311	0
38	178	0
36	276	0
11	59	1
56	283	0
40	267	0
21	243	1
6	263	0
25	241	0
53	89	0
43	244	0
62	151	0
21	195	1
27	352	0
1	110	0
58	218	0
58	326	0
10	376	0
18	99	0
53	285	0
4	300	0
53	141	0
38	275	0
59	73	0
17	296	0
47	341	0
4	289	0
16	376	0
63	35	0
13	376	0
34	139	0
0	363	0
21	334	1
24	3	0
54	343	0
19	274	0
58	199	0
11	270	0
55	266	0
58	89	0
18	211	0
39	14	0
30	270	0
60	290	0
60	39	0
62	320	0
0	331	0
12	209	0
60	50	0
62	372	0
2	236	0
4	336	0
35	149	0
12	8	0
53	40	0
40	376	0
14	319	0
6	47	0
52	305	0
64	346	0
38	198	0
5	130	0
43	137	0
14	311	0
45	243	0
3	65	0
0	184	0
30	137	0
39	134	0
61	295	0
27	237	0
27	123	0
66	378	0
31	288	0
4	302	0
32	121	0
56	376	0
17	332	0
34	112	0
61	16	0
53	146	0
67	281	0
66	292	0
26	301	0
56	124	0
61	29	0
32	90	0
26	242	0
62	17	0
22	186	0
49	161	0
25	367	0
63	39	0
47	38	0
34	125	0
17	240	0
11	274	1
28	222	0
46	335	0
27	373	0
16	47	0
24	241	0
17	231	0
36	226	0
48	373	0
65	145	0
30	96	0
12	142	0
49	115	0
56	82	0
18	52	0
66	245	0
7	44	0
19	279	0
34	311	0
29	105	0
32	189	1
10	90	0
38	5	0
38	96	0
66	296	0
8	37	0
55	200	0
13	281	0
11	241	1
35	227	0
67	42	0
36	39	0
11	228	0
33	308	0
42	38	1
4	26	0
0	329	0
34	281	0
63	315	0
4	258	0
3	290	0
46	133	0
41	235	0
51	204	0
18	149	0
0	368	0
23	106	0
67	353	0
40	246	0
6	187	0
9	66	0
26	281	0
6	376	0
27	31	0
1	358	0
39	4	0
51	357	0
14	312	0
13	235	0
13	204	1
37	4	0
36	246	0
16	40	0
25	163	0
58	11	0
31	224	0
21	270	1
11	263	0
17	320	0
14	38	0
22	222	1
59	375	0
36	212	0
67	70	0
66	363	0
22	124	0
18	210	0
26	367	0
11	373	0
45	370	1
31	1	0
19	281	0
19	246	0
63	75	0
4	29	0
46	242	0
19	360	0
48	255	0
37	318	0
30	256	0
12	288	0
13	147	0
45	222	0
58	294	0
49	24	0
36	373	0
31	334	0
35	376	0
25	280	0
22	330	1
8	3	1
13	60	0
28	73	0
8	113	0
57	50	0
67	26	0
17	288	0
32	271	0
31	267	0
37	260	0
6	319	0
54	54	0
48	274	0
25	371	0
14	115	0
20	73	0
6	244	0
28	97	0
49	191	0
31	85	0
13	132	0
36	154	0
61	188	0
40	13	0
1	50	0
48	276	0
27	229	0
18	26	0
26	153	0
38	259	0
57	149	0
7	281	0
52	281	0
25	283	0
10	75	0
43	52	0
32	215	0
41	373	0
16	292	0
6	208	0
26	91	0
65	73	0
41	335	0
45	236	0
14	99	0
37	64	0
53	132	0
7	21	0
26	274	0
6	340	0
27	166	0
43	70	0
39	31	0
25	183	0
32	63	0
61	212	0
66	303	0
29	324	0
16	125	0
34	247	0
8	112	0
3	352	0
30	93	0
45	151	0
57	88	0
63	199	0
7	274	0
30	130	0
44	310	0
22	48	0
9	278	0
56	169	0
38	60	0
15	115	0
29	1	0
42	241	1
41	377	0
19	368	1
13	376	0
6	343	0
10	275	0
12	136	0
20	163	0
14	358	1
65	88	0
42	53	0
7	54	0
33	274	0
54	341	0
51	248	0
34	336	0
12	217	0
46	167	0
24	233	0
62	281	0
35	12	0
40	252	0
48	359	0
42	321	0
19	152	0
38	349	0
44	288	0
28	206	0
37	241	0
66	327	0
8	200	0
25	195	0
24	44	0
66	176	0
7	164	1
3	224	0
13	65	0
31	222	0
12	164	0
1	45	0
17	373	0
32	52	0
29	109	0
55	23	0
11	195	0
10	293	0
61	373	0
6	147	0
64	207	0
26	237	0
22	20	0
34	102	0
55	301	0
54	252	0
13	151	0
0	214	0
23	358	0
34	4	0
29	118	0
17	43	0
46	200	0
37	71	0
59	137	0
31	320	0
30	42	0
24	19	0
34	376	0
29	326	0
46	17	0
29	251	0
13	201	0
42	143	0
16	324	0
45	61	0
46	90	0
4	281	0
38	247	0
22	12	0
25	137	0
10	332	0
28	376	0
14	222	0
10	62	0
22	47	1
45	116	0
21	47	1
35	119	0
8	274	0
60	12	0
4	355	0
3	320	0
38	276	0
46	194	0
39	53	0
38	353	0
33	105	0
42	376	0
34	296	0
65	106	0
52	70	0
15	110	0
46	336	0
29	47	0
4	373	0
65	202	0
1	345	0
19	73	0
46	129	0
24	121	0
25	373	1
20	38	1
21	261	0
15	187	0
66	202	0
0	326	0
13	224	0
47	173	0
20	303	0
54	199	0
6	228	0
0	373	0
51	280	0
32	19	0
52	74	0
8	315	0
35	373	0
14	196	0
28	171	0
0	281	0
14	375	0
23	83	0
9	290	0
25	214	0
6	220	0
49	188	1
60	368	0
58	173	0
6	350	0
47	269	0
22	376	0
65	324	0
14	331	0
47	83	0
37	84	0
18	202	0
63	156	0
8	132	0
55	376	0
23	229	1
55	34	0
31	374	0
27	373	0
56	241	1
42	209	0
25	313	0
41	175	0
47	209	0
51	281	0
54	150	0
43	241	0
66	332	0
44	255	0
37	265	0
3	281	0
43	241	0
59	376	0
20	241	1
39	186	0
62	172	0
26	284	0
55	14	0
11	83	0
63	141	0
33	56	0
46	151	0
31	281	0
58	35	0
9	84	1
20	316	0
24	102	0
1	280	0
6	271	0
5	304	0
52	216	0
64	332	0
50	184	0
53	268	0
33	244	0
33	25	0
49	130	0
66	150	0
31	64	0
44	172	0
12	252	0
64	301	0
56	313	0
52	356	0
42	160	0
7	241	1
38	12	0
59	67	0
5	282	0
1	273	0
36	216	0
24	229	0
46	373	0
60	126	0
1	347	0
19	160	0
25	75	0
3	322	0
47	21	0
21	174	1
41	150	0
14	84	0
6	150	0
26	50	0
34	369	0
0	225	0
17	297	0
5	224	0
57	241	1
17	254	0
22	44	0
20	114	0
23	361	1
26	254	0
39	55	0
58	60	0
64	288	0
37	65	0
22	286	0
3	60	0
11	200	0
64	348	0
66	6	0
44	11	0
20	165	0
16	207	0
15	38	0
53	60	0
58	274	0
31	373	0
49	361	0
47	281	0
42	342	0
10	213	0
63	14	0
43	51	0
27	83	0
11	42	0
46	257	0
9	199	0
11	203	0
14	69	0
19	352	0
63	57	0
11	354	0
1	284	0
24	139	0
15	281	0
0	138	0
53	305	0
10	316	0
30	34	0
29	376	0
7	134	0
36	241	0
60	56	0
27	261	0
67	241	0
32	136	0
53	286	0
17	2	0
16	355	0
34	137	0
38	369	0
57	102	0
40	187	0
5	215	0
49	241	0
36	368	1
32	274	1
30	360	0
31	112	0
6	154	0
39	270	1
34	367	0
17	8	0
2	221	0
40	23	0
14	169	0
0	232	0
1	249	0
30	153	0
57	155	0
18	167	1
34	208	0
33	31	0
59	170	0
0	38	0
1	104	0
53	246	0
65	323	0
33	335	0
26	100	0
2	211	0
55	53	0
59	1	1
30	18	0
10	15	0
11	372	0
65	269	0
27	66	0
2	373	0
36	328	0
17	271	0
38	377	0
53	38	0
66	281	0
42	45	0
40	71	0
5	200	0
56	5	0
8	337	0
26	212	0
34	373	0
31	139	0
34	373	0
64	95	0
53	187	0
66	204	0
44	121	0
7	188	0
23	159	0
49	314	0
10	377	0
58	49	1
63	241	0
54	59	0
24	187	0
21	45	1
20	84	0
11	93	0
24	142	0
13	272	0
11	43	0
44	99	0
42	281	0
49	310	0
12	376	0
55	275	0
16	111	0
17	40	0
52	230	0
33	358	0
22	136	1
28	281	0
23	281	0
41	337	0
19	189	1
45	376	0
46	159	0
57	12	0
44	93	0
6	231	0
11	241	1
0	316	0
12	61	0
23	72	0
64	373	0
14	248	0
64	240	0
64	302	0
38	277	0
31	84	0
53	16	0
31	82	0
13	6	0
2	7	0
7	38	0
23	184	0
30	341	0
67	281	0
18	336	0
63	44	0
42	44	0
12	7	0
9	217	0
13	64	0
41	249	0
8	19	0
6	250	0
26	40	0
23	190	0
55	287	0
48	323	0
21	35	0
41	24	0
32	39	0
9	372	0
4	240	0
8	328	0
8	57	0
13	52	0
51	155	0
32	330	0
37	25	1
15	251	0
11	80	0
14	86	0
39	24	0
8	76	0
40	147	0
65	261	0
60	330	0
16	157	0
21	220	0
16	282	1
55	281	1
67	310	0
30	329	0
53	299	0
47	289	0
65	126	0
41	167	0
40	81	0
40	362	0
60	0	0
30	114	0
23	362	1
7	340	0
13	120	0
58	201	0
20	104	0
13	377	0
49	318	0
44	324	0
56	7	0
66	376	1
10	228	0
34	172	0
22	162	0
54	65	0
53	373	0
2	367	0
25	197	0
2	263	0
28	56	0
46	268	0
27	139	0
53	131	0
31	373	0
56	59	0
29	129	0
66	350	0
10	376	0
18	161	0
24	241	0
58	377	0
44	22	0
36	163	0
67	7	0
12	74	0
26	191	0
6	197	0
29	159	0
39	376	0
26	247	0
27	86	0
58	185	0
65	306	0
31	38	0
44	249	0
58	376	0
34	140	0
37	102	0
35	180	0
19	318	0
37	108	0
8	169	0
37	255	0
33	27	0
22	294	0
62	316	0
44	202	0
50	206	0
52	168	0
49	131	0
52	326	0
33	342	0
62	363	0
47	292	0
44	327	0
52	273	0
31	20	0
24	360	0
59	299	0
27	194	1
27	289	0
26	227	0
65	239	0
33	373	1
23	289	0
57	295	0
58	373	1
49	85	0
60	130	0
44	178	0
23	355	0
66	75	0
24	65	0
53	323	0
50	20	0
4	312	0
33	246	0
63	280	0
19	281	0
56	241	1
66	30	0
43	336	0
9	33	0
5	193	0
24	241	0
39	156	0
67	281	0
61	21	0
67	207	0
4	373	0
54	177	0
48	143	0
57	38	0
6	235	0
3	274	0
51	374	0
64	159	0
1	165	0
28	130	0
16	60	1
16	192	0
24	66	0
1	43	0
51	17	0
54	47	0
48	256	0
25	275	0
17	7	0
37	197	0
5	184	0
26	72	0
1	262	0
48	278	0
5	150	0
23	343	0
34	259	0
26	141	0
4	274	0
55	94	0
26	82	0
23	249	0
35	274	0
67	178	0
66	376	1
40	3	0
27	295	0
45	268	0
0	120	0
51	197	0
55	92	0
67	31	0
18	198	0
23	210	0
12	368	0
7	11	0
51	39	0
39	275	0
29	310	0
43	255	0
63	300	0
32	201	0
67	256	0
33	247	0
9	107	0
57	266	0
26	281	0
16	161	1
38	217	0
20	330	1
56	20	0
36	272	0
30	236	0
32	225	0
67	6	0
63	184	0
43	281	0
43	97	0
61	156	0
54	231	0
38	1	0
56	167	0
52	178	0
0	353	0
7	3	0
12	90	0
64	166	0
34	191	0
26	275	0
35	303	1
66	270	0
2	274	0
12	312	0
44	285	0
64	104	0
5	129	0
64	25	1
28	74	0
54	173	0
17	373	0
31	30	0
17	338	0
37	376	0
6	54	0
49	323	0
20	169	0
13	22	0
34	249	0
6	258	0
37	270	0
51	284	0
44	27	0
27	279	0
21	274	1
54	43	0
26	351	0
53	3	0
57	274	1
7	177	1
39	12	0
1	93	0
3	173	0
49	281	0
36	350	0
28	274	0
61	6	0
41	270	0
16	247	0
39	88	0
9	72	0
65	103	0
12	137	0
36	97	0
18	105	0
15	81	0
35	373	1
24	180	0
47	244	0
61	281	1
31	201	0
50	373	0
39	212	0
47	274	0
36	344	0
5	260	0
38	214	0
47	119	0
65	36	0
9	274	0
58	160	0
40	254	0
45	252	0
53	234	0
4	5	0
8	69	0
59	369	0
8	140	0
55	281	1
17	235	0
35	120	0
56	75	0
63	99	0
5	332	0
8	374	0
30	12	0
58	241	0
4	371	0
36	375	0
25	86	0
13	182	0
12	163	0
17	167	0
47	293	0
6	169	0
40	377	0
3	376	0
14	330	1
67	326	0
65	377	0
21	146	0
19	358	0
48	274	0
19	111	0
22	241	1
33	109	0
31	128	0
49	347	0
41	302	0
48	118	0
42	43	0
45	296	0
38	177	1
17	308	0
39	60	0
28	60	0
23	198	0
29	356	0
49	163	0
28	338	0
10	20	0
15	22	0
55	150	0
5	239	0
24	94	0
61	66	0
48	98	0
19	138	0
43	314	0
57	363	0
59	254	0
31	156	0
67	291	0
40	12	0
10	346	0
44	373	0
19	307	0
50	117	0
57	95	0
18	141	1
34	331	0
56	243	0
62	163	1
19	181	0
36	362	0
26	110	0
19	67	0
13	223	1
64	6	0
38	25	0
35	290	0
26	185	0
2	76	0
45	1	1
6	200	0
49	325	0
67	263	0
40	211	0
60	230	0
35	275	0
30	237	0
44	363	0
11	324	0
46	81	0
43	167	0
19	143	0
65	281	1
19	287	0
60	157	0
67	332	0
67	101	0
17	66	0
67	188	0
17	20	0
23	39	0
45	301	0
9	53	0
48	352	0
21	284	0
28	244	0
53	49	0
55	281	0
48	294	0
61	11	0
13	4	0
22	105	0
4	117	0
60	269	0
8	32	0
15	95	0
27	349	0
31	205	0
59	205	0
64	241	0
48	331	0
3	119	0
57	122	0
61	217	0
0	230	0
41	355	0
67	68	0
30	142	0
47	360	0
54	211	0
62	26	0
12	308	0
24	192	0
23	352	0
13	342	0
47	129	0
42	19	0
54	272	0
49	185	0
28	356	0
57	323	0
22	369	0
46	131	0
53	373	0
58	2	0
60	192	0
23	326	0
23	251	0
17	113	0
61	2	0
22	22	0
9	236	0
26	228	0
67	209	0
31	6	0
55	373	1
32	245	0
42	241	1
33	373	1
3	73	0
17	16	0
3	204	0
53	110	0
10	356	0
37	272	0
65	44	0
0	88	0
29	97	0
37	16	0
56	153	0
30	268	0
18	116	0
11	199	0
1	370	0
36	179	0
0	56	0
51	251	0
41	238	0
55	26	0
27	172	0
16	358	1
67	241	0
2	210	0
11	194	0
63	329	0
2	56	0
24	21	0
5	230	0
7	283	0
50	156	0
5	114	0
33	251	0
53	128	0
35	310	0
41	8	0
46	217	0
41	300	0
8	152	0
59	368	1
45	64	0
7	242	0
66	108	0
42	198	1
67	181	0
6	101	0
11	101	0
27	161	0
33	33	0
37	59	0
34	242	0
34	304	0
44	144	0
1	231	0
55	194	0
54	169	0
46	149	0
23	373	1
34	64	0
57	252	0
1	113	0
38	376	0
20	366	0
41	326	0
3	9	0
62	323	0
1	134	0
12	13	0
3	274	0
8	376	0
33	157	0
53	281	0
3	221	0
31	324	0
19	365	0
49	196	0
53	224	0
6	182	1
47	86	0
42	55	0
63	175	0
10	378	0
20	115	0
23	122	0
61	266	0
18	224	0
34	33	0
14	92	0
3	258	0
5	233	0
0	287	0
55	37	0
63	129	0
38	120	0
43	58	0
5	356	0
38	305	0
62	153	0
48	196	0
28	375	0
14	257	0
44	43	0
64	373	0
39	233	0
11	274	1
32	272	0
23	372	0
16	71	0
20	159	0
46	373	0
40	105	0
30	173	0
26	253	0
34	229	0
12	0	0
35	166	0
28	116	0
23	373	1
34	377	0
54	281	0
11	215	0
35	291	0
4	347	0
11	3	0
27	71	0
1	271	0
44	245	0
2	164	0
6	281	0
24	376	0
55	252	0
20	355	0
24	57	0
50	31	0
4	281	0
66	155	0
39	281	0
37	330	0
37	223	0
63	326	0
62	29	0
62	374	0
5	370	0
61	56	0
67	222	0
19	241	0
27	338	0
3	165	0
16	373	0
6	76	0
39	42	0
19	194	1
37	251	0
49	224	0
34	141	0
55	0	0
23	163	1
19	178	0
48	373	0
5	166	0
57	146	0
1	342	0
33	159	0
64	241	0
45	264	0
58	247	0
55	376	0
60	122	0
8	373	0
49	92	0
10	218	0
37	372	0
62	113	0
12	376	0
2	247	0
45	22	0
0	80	0
66	274	0
25	373	0
29	85	0
63	316	0
10	336	0
17	105	0
29	224	0
20	224	0
20	25	0
36	77	0
2	77	0
54	151	0
22	132	0
2	4	0
54	274	0
17	107	0
57	373	0
14	235	0
29	351	0
5	144	0
18	151	0
7	227	0
5	127	0
59	241	0
22	217	0
34	188	0
59	68	0
65	288	0
15	82	0
2	42	0
14	369	1
47	323	0
37	263	0
24	356	0
66	267	0
36	26	0
2	111	0
0	100	0
5	307	0
50	241	0
3	11	0
18	376	0
43	12	0
33	362	1
4	88	0
41	286	0
28	250	0
54	90	0
6	67	0
14	316	0
32	270	0
20	347	0
61	194	0
38	309	0
37	7	0
67	38	0
65	135	0
15	28	0
3	225	0
45	153	0
40	312	0
40	365	0
2	117	0
21	328	1
1	281	0
16	373	0
43	102	0
48	248	0
32	26	0
49	274	0
38	289	0
23	118	0
13	274	0
23	212	0
37	361	0
33	215	0
14	74	0
25	19	0
20	11	0
16	284	0
41	0	0
53	249	0
22	110	0
38	269	0
45	7	0
12	140	0
65	273	0
24	5	0
38	22	0
19	26	0
6	203	0
15	278	0
30	241	1
57	17	0
21	281	0
12	133	0
14	149	0
53	243	0
44	186	0
53	119	0
46	47	0
62	138	0
13	338	0
65	83	0
39	373	0
60	174	0
3	281	0
67	272	0
1	173	0
20	245	0
27	102	0
36	338	0
26	45	0
31	71	0
12	340	0
55	345	0
51	97	0
58	117	0
25	241	0
52	376	0
57	203	0
5	45	0
21	48	0
56	373	0
52	240	0
17	141	0
32	361	0
23	167	1
30	361	0
67	234	0
37	49	0
31	373	0
31	339	0
30	120	0
30	185	0
17	28	0
20	336	0
66	362	0
36	312	0
59	113	0
7	49	0
48	5	0
54	137	0
65	276	0
8	359	0
48	317	0
52	309	0
4	231	0
16	338	0
46	355	0
38	281	0
59	263	0
45	241	1
22	319	0
49	319	0
34	38	0
5	37	0
22	314	1
53	0	0
5	29	0
37	328	0
20	251	0
39	339	0
3	274	0
55	372	0
62	307	0
29	76	0
62	46	0
21	372	0
10	58	0
30	104	0
60	295	0
27	46	0
15	128	0
25	116	0
64	322	0
53	297	0
25	229	0
30	239	1
19	270	0
67	251	0
14	155	0
65	307	0
7	53	0
47	271	0
34	319	0
39	289	0
47	223	0
14	43	0
10	219	0
44	261	0
60	234	0
55	82	0
18	244	1
16	215	0
16	232	0
29	111	0
47	377	0
55	48	0
12	200	0
24	265	0
32	336	0
28	267	0
64	35	0
45	210	0
23	300	0
3	49	0
15	51	0
28	241	0
56	97	0
14	134	0
40	281	0
1	328	0
54	277	0
17	33	0
17	114	0
18	39	0
41	200	0
35	171	0
9	14	0
3	48	0
27	371	0
0	376	0
54	165	0
3	210	0
12	11	0
17	369	0
16	375	0
40	0	0
4	32	0
27	167	0
5	345	0
15	124	0
42	123	0
57	367	0
37	66	0
32	281	0
31	231	0
60	160	0
21	204	0
17	92	0
45	48	0
30	244	0
1	312	0
23	270	0
44	132	0
61	232	0
67	227	0
36	285	0
11	168	0
0	177	0
59	120	0
0	318	0
46	71	0
51	142	0
11	201	0
2	202	0
65	281	1
27	155	0
8	190	0
8	324	0
15	190	0
7	253	0
42	99	0
46	302	0
49	212	0
27	38	0
56	329	0
34	270	0
38	370	0
1	107	0
58	43	1
41	209	0
39	154	0
50	281	0
19	373	0
38	69	0
67	184	0
11	144	0
13	191	0
63	96	0
66	79	0
4	202	0
45	278	0
18	335	0
59	376	0
18	314	0
24	162	0
47	33	0
53	77	0
40	344	0
11	362	0
26	171	0
30	212	0
52	267	0
48	32	0
48	308	0
10	297	0
34	298	0
12	373	0
35	315	0
38	104	0
46	325	0
5	325	0
33	44	0
35	103	0
0	320	1
9	267	0
17	213	0
6	111	0
62	376	0
8	103	0
44	221	0
52	282	0
57	67	0
54	44	0
4	80	0
52	9	0
46	65	0
61	163	0
8	218	0
41	47	0
39	373	0
37	334	0
38	377	0
3	200	0
44	1	0
26	238	0
31	168	0
20	200	0
40	123	0
3	127	0
36	264	0
34	119	0
52	373	0
40	103	0
17	291	0
31	349	0
27	378	0
6	3	0
28	229	0
32	62	0
60	75	0
64	252	0
32	194	1
6	253	0
14	373	0
54	88	0
47	201	0
22	51	1
45	291	0
12	373	0
22	159	1
35	150	0
60	10	0
61	12	0
10	176	0
29	25	0
17	363	0
18	40	0
0	342	0
5	199	0
11	1	1
18	16	0
62	120	0
15	373	0
54	140	0
54	42	0
20	317	0
50	249	0
53	29	0
54	300	0
11	249	0
49	332	0
41	79	0
33	183	0
66	118	0
28	101	0
43	164	0
12	303	0
61	72	0
20	309	0
28	241	0
32	57	0
30	170	0
41	317	0
38	33	0
18	376	0
34	73	0
0	293	0
30	331	0
14	166	0
7	13	0
59	370	0
39	373	0
40	241	0
66	106	0
62	266	1
22	53	1
47	338	0
23	46	0
19	305	0
23	85	0
47	251	0
32	323	0
65	112	0
9	307	0
47	272	0
43	337	0
20	367	0
10	357	0
37	116	0
41	111	0
0	137	0
40	274	0
20	354	0
57	347	0
53	92	0
17	178	0
23	346	0
3	35	0
34	281	0
26	43	0
31	280	0
47	373	0
8	373	0
5	158	0
37	364	0
13	195	0
64	200	0
35	259	0
8	128	0
8	241	0
32	172	0
65	280	0
23	52	0
58	370	0
48	133	0
14	46	0
21	203	0
8	281	0
29	46	0
23	215	0
34	63	0
62	41	1
43	93	0
18	242	0
63	95	0
50	125	0
0	147	0
1	341	0
9	227	0
35	19	0
18	36	0
30	376	0
3	243	0
48	105	0
46	103	0
52	210	0
5	328	0
63	81	0
13	95	0
0	200	0
46	211	0
62	373	1
58	28	0
55	100	0
7	16	0
63	51	0
17	312	0
65	251	0
24	84	0
25	376	0
11	181	0
45	62	0
24	273	0
12	274	1
60	186	0
20	233	0
36	91	0
55	308	0
19	145	0
58	315	0
4	167	0
39	217	0
66	260	0
54	210	0
65	210	0
55	210	0
63	373	0
23	76	0
59	373	0
0	86	0
18	144	0
13	131	0
18	200	0
54	281	0
66	211	0
67	362	0
27	333	0
1	28	0
0	306	0
39	290	0
7	133	0
42	8	0
6	373	0
40	215	0
20	358	0
11	281	0
25	126	0
9	183	0
55	282	0
10	281	1
20	246	0
37	229	0
9	250	0
21	373	1
35	365	0
30	194	1
16	195	0
63	298	0
22	12	0
27	307	0
15	242	0
35	46	0
30	304	0
55	328	0
6	278	0
23	206	0
36	90	0
39	264	0
5	373	0
53	210	0
19	376	0
17	29	0
17	94	0
5	281	0
32	127	0
17	285	0
48	324	0
62	342	0
5	52	0
49	226	0
8	127	0
6	227	0
43	291	0
40	328	0
57	341	0
19	229	0
66	247	0
19	196	0
20	281	0
55	130	0
25	110	0
16	1	0
20	133	0
14	274	0
9	377	0
53	376	0
17	111	0
4	373	0
52	36	0
61	306	0
58	344	0
21	26	0
14	231	0
42	129	0
58	164	1
66	56	0
11	275	0
31	256	0
5	77	0
13	321	0
53	252	0
63	237	0
23	301	0
66	112	0
37	357	0
50	367	0
54	241	0
41	253	0
43	292	0
55	286	0
9	376	1
65	376	0
55	16	0
28	24	0
66	121	0
20	291	0
10	38	0
1	123	0
52	190	0
34	281	0
63	102	0
9	20	0
35	301	0
40	140	0
21	344	0
46	66	0
52	27	0
47	314	0
44	281	0
28	251	0
8	54	0
17	53	0
61	47	0
31	213	0
9	341	0
50	355	0
66	89	0
48	61	0
52	65	0
11	319	0
17	174	0
26	241	0
7	55	0
6	224	0
45	293	0
22	281	0
20	51	1
56	335	0
34	58	0
51	51	0
25	264	0
31	281	0
28	17	0
9	140	0
44	56	0
12	213	0
62	169	0
31	91	0
43	82	0
10	329	0
24	295	0
33	209	0
15	352	0
34	373	0
66	349	0
39	274	0
55	68	0
38	95	0
23	23	0
67	66	0
51	376	0
59	243	0
22	97	0
43	281	0
15	127	0
67	69	0
38	151	0
30	169	0
55	327	0
41	151	0
9	258	0
31	376	0
33	298	0
62	251	0
6	186	0
57	151	0
64	69	0
3	281	0
58	305	0
59	97	0
65	322	0
33	198	0
33	39	0
28	152	0
62	267	1
14	56	0
44	39	0
65	84	0
3	100	0
10	157	0
12	281	0
56	99	0
10	274	0
10	45	0
6	339	0
22	95	0
31	214	0
40	17	0
33	219	0
56	129	0
7	264	0
52	285	0
12	72	0
46	374	0
32	178	0
63	168	0
54	102	0
4	281	0
32	112	0
1	70	0
12	169	0
39	281	0
13	274	0
34	5	0
28	316	0
58	286	0
50	105	0
44	229	0
34	17	0
21	312	1
62	150	0
2	278	0
7	291	0
27	113	0
30	330	1
58	233	0
63	250	0
11	143	0
17	72	0
32	155	0
25	242	0
64	373	0
50	36	0
35	281	0
8	139	0
3	77	0
0	281	0
33	337	0
5	119	0
61	236	0
0	157	0
57	376	0
14	41	0
60	21	0
3	252	0
25	73	0
51	356	0
0	130	0
44	376	0
48	372	0
12	160	0
21	21	1
39	5	0
46	234	0
48	298	0
28	343	0
24	305	0
45	108	0
52	64	0
25	252	0
40	16	0
41	20	0
31	126	0
38	231	0
59	40	0
46	4	0
50	69	0
25	169	0
55	187	0
2	373	0
43	79	0
42	243	0
44	330	0
47	27	0
22	108	1
47	188	0
32	378	0
21	347	0
41	304	0
58	244	0
56	224	0
61	346	0
39	123	0
21	188	1
54	172	0
12	104	0
28	212	0
43	4	0
16	335	0
53	281	0
66	199	0
65	121	0
60	335	0
24	83	0
57	235	0
64	372	0
3	160	0
41	305	0
29	373	0
60	223	0
14	236	0
64	357	0
47	137	0
1	23	0
9	241	0
19	277	0
65	298	0
48	354	0
47	210	0
0	92	0
50	190	0
4	169	0
4	281	0
33	125	0
2	107	0
55	38	0
52	376	0
38	190	0
60	299	0
27	305	0
21	127	0
61	74	0
29	40	0
13	20	0
9	102	0
45	121	1
40	373	0
12	66	0
43	373	0
53	155	0
2	377	0
14	104	0
25	315	0
65	334	0
19	3	0
53	274	0
15	211	0
49	288	0
3	256	0
12	50	0
13	152	0
27	376	0
45	362	1
25	355	0
60	38	1
42	182	0
26	19	0
35	186	0
67	22	0
58	88	0
30	241	0
22	328	0
47	307	0
24	339	0
23	171	0
42	285	0
2	100	0
27	340	0
30	131	0
63	369	0
12	273	0
32	41	0
9	333	0
45	217	0
63	107	0
63	274	0
11	318	0
30	241	1
44	361	0
15	287	0
2	165	0
20	357	0
39	249	0
51	263	0
58	86	1
9	303	0
43	305	0
43	76	0
9	251	0
50	245	0
25	357	0
64	373	0
6	330	0
60	43	0
24	251	0
0	190	0
15	189	1
30	283	0
41	91	0
18	311	0
42	297	0
51	355	0
49	63	0
28	350	0
31	60	0
45	314	0
62	373	0
49	373	0
63	344	0
59	135	0
25	290	0
44	341	0
52	209	0
54	213	0
24	200	0
63	110	0
4	345	0
26	258	0
25	80	0
15	343	0
18	252	0
6	373	0
26	364	0
50	347	0
36	373	0
4	52	0
25	369	0
51	354	0
67	76	0
42	38	1
39	321	0
12	165	0
67	274	0
64	361	0
17	238	0
18	132	0
4	332	0
55	373	0
18	327	0
11	338	0
27	274	0
10	281	1
38	264	0
14	342	0
66	216	0
7	257	0
11	2	0
1	57	0
54	369	0
53	107	0
57	247	0
17	351	0
5	38	0
35	183	0
45	57	0
52	113	0
32	55	0
0	204	0
51	170	0
43	185	0
26	376	0
19	179	0
44	159	1
9	85	0
56	373	0
15	318	0
2	23	0
44	373	0
22	30	0
33	357	0
21	192	1
15	306	0
2	85	0
50	216	0
61	375	0
5	107	0
42	258	0
27	281	0
64	228	0
56	371	0
59	292	0
24	262	0
41	77	0
28	141	0
23	140	0
31	241	0
58	186	0
6	290	0
15	42	0
29	263	0
2	64	0
43	264	0
50	28	0
31	42	0
20	190	0
29	131	0
55	6	0
60	374	0
43	257	0
60	296	0
15	231	0
60	370	0
8	301	0
43	134	0
34	274	0
60	104	0
22	123	0
10	299	0
7	373	0
36	196	0
1	175	0
19	373	0
50	270	0
5	124	0
60	276	0
6	320	0
59	373	0
21	149	1
13	58	0
51	241	0
9	67	0
4	318	0
67	231	0
32	315	0
27	308	0
36	297	0
44	278	0
36	233	0
0	17	0
10	152	0
9	275	0
33	334	0
40	118	0
51	219	0
66	91	0
12	95	0
9	306	0
61	197	0
64	270	0
64	150	0
48	376	0
12	307	0
61	60	0
67	148	0
36	230	0
53	341	0
45	51	0
38	356	0
49	42	0
32	27	0
1	84	0
39	299	0
17	375	0
7	324	0
61	367	0
6	281	0
15	147	0
25	36	0
52	274	0
54	227	0
35	195	0
13	327	0
13	373	0
29	267	0
63	317	0
3	51	0
19	166	0
6	252	1
38	66	0
63	367	0
44	268	0
11	92	0
35	229	0
43	234	0
40	175	0
0	123	0
45	270	0
5	206	0
8	68	0
11	187	0
25	200	0
55	334	0
55	192	0
64	373	0
52	29	0
16	19	0
60	81	0
14	334	0
41	280	0
53	329	0
54	335	0
31	250	0
32	212	0
32	358	0
66	276	0
65	204	0
9	30	0
60	372	0
67	374	0
38	195	0
19	274	1
34	165	0
47	373	0
17	274	0
62	345	0
1	179	0
24	376	0
40	216	0
40	226	0
43	121	0
64	214	0
7	120	0
48	315	0
0	376	0
66	340	0
34	373	0
42	294	1
46	327	0
38	281	0
28	218	0
42	248	0
65	262	0
52	163	0
38	10	0
27	309	0
31	124	0
59	191	0
51	227	0
18	272	0
29	156	0
29	224	0
34	47	0
11	376	0
61	345	0
13	96	0
40	363	0
40	107	0
67	139	0
26	340	0
7	241	1
22	240	0
17	228	0
64	18	0
41	143	0
38	361	0
51	53	0
59	172	0
48	79	0
44	241	0
40	40	0
30	356	0
44	15	0
59	362	0
47	238	0
44	6	0
21	376	0
17	370	0
24	281	0
42	261	0
44	223	0
4	370	0
28	138	0
24	155	0
17	251	0
57	109	0
64	358	0
29	30	0
59	310	0
66	54	0
50	121	0
22	115	1
12	47	0
9	10	0
50	284	0
62	56	0
2	38	0
61	209	0
52	122	0
17	63	0
16	113	0
21	60	1
15	136	0
18	376	0
11	87	0
26	25	0
30	56	0
17	82	0
43	46	0
15	274	1
44	197	0
30	116	0
63	189	1
44	0	0
15	291	0
32	325	0
21	346	1
20	331	0
54	373	0
51	71	0
57	258	0
26	306	0
26	299	0
51	6	0
30	351	0
29	344	0
31	132	0
58	291	0
3	81	0
38	378	0
3	76	0
20	350	0
26	27	0
28	215	0
29	366	0
30	373	0
33	205	0
26	281	0
46	220	0
40	96	0
49	80	0
43	39	0
32	365	0
27	272	0
13	269	0
31	135	0
3	190	0
4	376	0
43	241	1
42	169	0
22	176	0
23	182	0
19	134	0
15	9	0
57	233	0
9	373	0
63	106	0
54	5	0
47	52	0
10	192	0
53	214	0
19	330	0
20	273	0
63	292	0
64	225	0
42	312	0
11	50	0
50	207	0
65	230	0
36	130	0
4	43	0
49	179	0
28	377	0
61	312	0
44	365	0
51	38	0
11	377	0
61	282	0
19	82	0
56	127	0
41	58	0
51	54	0
34	203	0
67	340	0
67	260	0
6	138	0
46	331	0
3	186	0
39	51	1
8	122	0
5	363	0
25	373	1
38	266	0
22	40	0
61	274	0
0	373	0
7	15	0
21	182	1
5	315	0
29	368	0
13	371	0
13	373	0
2	75	0
15	288	0
45	214	0
58	310	0
59	38	0
43	29	0
23	165	0
36	231	0
25	331	0
4	101	0
61	249	0
34	104	0
45	323	0
44	127	0
13	176	0
6	281	0
17	162	0
46	201	0
44	281	0
33	158	0
1	281	0
55	79	0
37	128	0
64	17	0
16	188	0
49	241	0
0	376	0
62	60	0
66	82	0
12	168	0
4	193	0
67	265	0
51	123	0
6	296	0
64	336	0
6	155	0
60	112	0
59	180	0
27	60	0
33	347	0
44	58	0
26	244	0
57	375	0
5	131	0
6	16	0
25	134	0
62	44	1
37	297	0
37	266	0
54	57	0
29	226	0
24	336	0
62	8	0
45	136	0
40	117	1
5	343	0
44	7	0
24	75	0
56	314	0
47	101	0
12	153	0
37	375	0
49	65	0
2	30	0
29	41	0
30	336	0
15	139	0
64	179	0
56	202	0
26	115	0
16	363	1
6	207	0
57	225	1
59	355	0
4	286	0
63	373	0
25	182	0
1	145	0
25	212	0
54	97	0
3	278	0
58	48	0
40	125	0
10	0	0
4	214	0
30	148	0
0	201	0
64	316	1
66	81	0
28	188	0
60	373	0
67	125	0
56	234	0
3	347	0
35	346	0
38	122	0
10	373	0
30	287	0
20	221	0
54	38	0
11	374	0
0	199	0
12	3	0
18	284	0
58	280	0
57	289	0
63	198	0
64	209	0
24	314	0
60	117	0
66	197	0
54	270	0
32	376	0
40	373	0
8	116	0
54	85	0
30	372	0
10	307	0
62	62	0
28	139	0
16	206	0
35	94	0
11	259	0
22	281	0
31	281	0
28	376	0
27	281	0
51	211	0
5	185	0
25	241	0
19	182	0
44	309	0
2	241	0
1	373	0
47	294	0
12	26	0
21	82	0
0	311	0
34	227	0
15	77	0
0	2	0
10	265	0
55	172	0
41	222	0
14	340	0
21	65	0
10	94	0
17	367	0
16	149	0
23	95	0
18	269	1
26	169	0
57	256	0
7	297	0
60	187	0
33	373	1
26	135	0
6	256	0
11	61	0
6	353	0
53	164	0
24	126	0
26	187	0
14	368	0
24	281	0
63	376	0
7	195	0
0	279	0
24	193	0
41	195	0
12	251	0
37	126	0
67	202	0
36	18	0
65	206	0
49	294	0
13	299	0
47	308	0
67	38	0
62	215	0
58	165	0
17	26	0
11	361	0
21	33	1
63	167	0
47	107	0
50	339	0
30	1	1
34	23	0
17	137	0
37	125	0
1	103	0
39	49	0
30	320	0
45	376	0
33	237	0
62	197	0
22	167	0
13	224	0
52	95	0
48	245	0
64	220	0
8	67	0
38	42	0
26	223	0
8	312	0
28	307	0
52	239	0
61	143	0
50	109	0
48	195	0
37	220	0
46	120	0
52	332	0
42	273	0
56	125	0
25	117	0
39	330	0
43	200	0
4	234	0
54	281	0
45	68	0
33	259	0
52	198	0
50	195	0
21	36	0
17	109	0
66	97	0
66	352	0
25	274	1
62	125	0
0	52	0
15	234	0
34	53	0
16	257	1
8	254	0
39	119	0
45	347	0
4	45	0
0	121	0
20	139	0
41	340	0
44	200	0
54	27	0
59	10	0
39	316	0
21	274	1
65	367	0
52	83	0
37	158	0
65	55	0
20	62	0
7	363	0
50	113	0
56	178	0
49	373	0
8	303	0
15	145	0
54	224	0
53	130	0
4	235	0
0	268	0
2	122	0
12	219	0
33	50	0
32	230	0
0	91	0
4	41	0
19	49	0
8	267	0
59	81	0
15	274	1
43	54	0
40	113	0
43	62	0
46	73	0
10	88	0
6	56	0
54	281	0
35	156	0
28	10	0
1	122	0
3	200	0
41	245	0
15	313	0
58	279	0
65	373	0
31	4	0
61	286	0
52	302	0
18	219	0
67	158	0
54	376	0
44	166	0
60	107	0
43	38	0
15	61	0
24	281	0
9	281	0
30	176	0
19	36	0
65	40	0
10	170	0
8	341	0
64	274	0
50	148	0
54	178	0
36	373	0
13	253	0
45	90	0
39	274	0
32	294	0
15	373	0
33	270	0
60	182	0
60	208	0
51	376	0
39	56	0
61	17	0
5	376	0
2	281	0
21	7	0
39	281	0
51	60	0
66	230	0
19	275	0
19	65	0
22	357	0
34	307	0
58	40	0
37	170	0
4	376	0
60	228	0
19	350	0
21	184	1
21	64	1
16	46	0
31	261	0
17	333	0
10	23	0
42	316	1
54	322	0
32	354	0
30	135	0
16	253	0
57	254	0
65	227	0
55	195	0
40	88	0
24	375	0
7	56	0
14	210	0
59	52	0
29	9	0
31	142	0
16	224	0
64	3	0
56	336	0
65	301	0
48	345	0
0	193	0
41	155	0
58	135	0
60	344	0
46	205	0
8	251	0
65	371	0
42	232	0
41	281	0
58	343	0
54	48	0
20	373	0
61	126	0
61	64	0
28	373	0
40	45	0
44	281	0
19	101	0
4	282	0
51	29	0
46	320	0
10	217	0
14	73	0
48	252	0
36	105	0
52	243	0
13	281	0
33	12	0
34	92	0
48	312	0
54	375	0
17	376	0
16	246	0
52	246	0
66	113	0
48	109	0
59	93	0
19	284	0
62	313	0
41	14	0
15	108	0
5	241	0
5	202	0
56	305	0
51	175	0
16	145	0
17	96	0
56	274	0
47	369	1
37	153	0
15	137	0
4	233	0
50	41	1
20	274	0
17	17	0
14	226	0
